%t_sec,seq,x,y,theta,pan,tilt,fx,fy,cx,cy,width,height,omega,battery,rc -- /home/cedricp/Bags/140106_around_the_lake_auto/2014-01-06-08-30-57_0.bag
1389015182.019781,5783.000000,296869.354581,5442697.674762,-1.921033,1.569978,0.199948,759.308012,690.439840,370.915450,250.909693,704.000000,480.000000,0.016536,15.624150,1.000000
1389015182.120090,5784.000000,296869.353580,5442697.647532,-1.916976,1.569978,0.199948,759.308012,690.439840,370.915450,250.909693,704.000000,480.000000,0.019076,15.708960,1.000000
1389015182.219926,5785.000000,296869.355102,5442697.621211,-1.911248,1.569978,0.199948,759.308012,690.439840,370.915450,250.909693,704.000000,480.000000,0.020233,15.766830,1.000000
1389015182.320348,5786.000000,296869.359713,5442697.595689,-1.908523,1.569978,0.199948,759.308012,690.439840,370.915450,250.909693,704.000000,480.000000,0.024308,15.792381,1.000000
1389015182.420313,5787.000000,296869.364565,5442697.568829,-1.918404,1.569978,0.199948,759.308012,690.439840,370.915450,250.909693,704.000000,480.000000,0.026617,15.813014,1.000000
1389015182.528391,5788.000000,296869.370663,5442697.535080,-1.922018,1.569978,0.199948,759.308012,690.439840,370.915450,250.909693,704.000000,480.000000,0.027690,15.824983,1.000000
1389015182.621747,5789.000000,296869.375660,5442697.507420,-1.919058,1.569978,0.199948,759.308012,690.439840,370.915450,250.909693,704.000000,480.000000,0.027616,15.821853,1.000000
1389015182.722051,5790.000000,296869.380743,5442697.479281,-1.912315,1.569978,0.199948,759.308012,690.439840,370.915450,250.909693,704.000000,480.000000,0.033716,15.801585,1.000000
1389015182.828263,5791.000000,296869.386140,5442697.449406,-1.905139,1.569978,0.199948,759.308012,690.439840,370.915450,250.909693,704.000000,480.000000,0.040105,15.818197,1.000000
1389015182.921638,5792.000000,296869.390898,5442697.423074,-1.897249,1.569978,0.199948,759.308012,690.439840,370.915450,250.909693,704.000000,480.000000,0.041617,15.833553,1.000000
1389015183.021402,5793.000000,296869.395943,5442697.395149,-1.893139,1.569978,0.199948,759.308012,690.439840,370.915450,250.909693,704.000000,480.000000,0.040570,15.838185,1.000000
1389015183.120763,5794.000000,296869.400928,5442697.367556,-1.889877,1.569978,0.199948,759.308012,690.439840,370.915450,250.909693,704.000000,480.000000,0.036414,15.836124,1.000000
1389015183.220610,5795.000000,296869.404565,5442697.339750,-1.874445,1.569978,0.199948,759.308012,690.439840,370.915450,250.909693,704.000000,480.000000,0.036220,15.833953,1.000000
1389015183.320912,5796.000000,296869.406594,5442697.311722,-1.876784,1.569978,0.199948,759.308012,690.439840,370.915450,250.909693,704.000000,480.000000,0.037195,15.824907,1.000000
1389015183.421785,5797.000000,296869.408635,5442697.283535,-1.877449,1.569978,0.199948,759.308012,690.439840,370.915450,250.909693,704.000000,480.000000,0.041269,15.818338,1.000000
1389015183.521209,5798.000000,296869.410646,5442697.255753,-1.869456,1.569978,0.199948,759.308012,690.439840,370.915450,250.909693,704.000000,480.000000,0.044553,15.825186,1.000000
1389015183.621104,5799.000000,296869.412652,5442697.228039,-1.865745,1.569978,0.199948,759.308012,690.439840,370.915450,250.909693,704.000000,480.000000,0.040672,15.832750,1.000000
1389015183.721393,5800.000000,296869.414650,5442697.200442,-1.864335,1.569978,0.199948,759.308012,690.439840,370.915450,250.909693,704.000000,480.000000,0.036592,15.840324,1.000000
1389015183.822644,5801.000000,296869.416667,5442697.172580,-1.866416,1.569978,0.199948,759.308012,690.439840,370.915450,250.909693,704.000000,480.000000,0.033130,15.852758,1.000000
1389015183.921687,5802.000000,296869.418640,5442697.145326,-1.861286,1.569978,0.199948,759.308012,690.439840,370.915450,250.909693,704.000000,480.000000,0.033918,15.847597,1.000000
1389015184.021826,5803.000000,296869.420581,5442697.115557,-1.863758,1.569978,0.199948,759.308012,690.439840,370.915450,250.909693,704.000000,480.000000,0.035063,15.847005,1.000000
1389015184.121829,5804.000000,296869.422444,5442697.082784,-1.859661,1.569978,0.199948,759.308012,690.439840,370.915450,250.909693,704.000000,480.000000,0.036047,15.845895,1.000000
1389015184.221677,5805.000000,296869.424305,5442697.050062,-1.860057,1.569978,0.199948,759.308012,690.439840,370.915450,250.909693,704.000000,480.000000,0.035242,15.837222,1.000000
1389015184.322094,5806.000000,296869.426176,5442697.017154,-1.850209,1.569978,0.199948,759.308012,690.439840,370.915450,250.909693,704.000000,480.000000,0.034178,15.825545,1.000000
1389015184.422100,5807.000000,296869.429479,5442696.986592,-1.841800,1.569978,0.199948,759.308012,690.439840,370.915450,250.909693,704.000000,480.000000,0.032055,15.829985,1.000000
1389015184.522299,5808.000000,296869.434529,5442696.958640,-1.828051,1.569978,0.199948,759.308012,690.439840,370.915450,250.909693,704.000000,480.000000,0.027891,15.835454,1.000000
1389015184.622671,5809.000000,296869.436851,5442696.930590,-1.822940,1.569978,0.199948,759.308012,690.439840,370.915450,250.909693,704.000000,480.000000,0.027780,15.837142,1.000000
1389015184.723156,5810.000000,296869.435817,5442696.902445,-1.820822,1.569978,0.199948,759.308012,690.439840,370.915450,250.909693,704.000000,480.000000,0.027861,15.835819,1.000000
1389015184.826604,5811.000000,296869.434752,5442696.873471,-1.825050,1.569978,0.199948,759.308012,690.439840,370.915450,250.909693,704.000000,480.000000,0.027698,15.841735,1.000000
1389015184.922790,5812.000000,296869.433762,5442696.846531,-1.818935,1.569978,0.199948,759.308012,690.439840,370.915450,250.909693,704.000000,480.000000,0.028754,15.849959,1.000000
1389015185.022892,5813.000000,296869.432737,5442696.818648,-1.823307,1.569978,0.199948,759.308012,690.439840,370.915450,250.909693,704.000000,480.000000,0.026728,15.845228,1.000000
1389015185.123271,5814.000000,296869.431716,5442696.790852,-1.818067,1.569978,0.199948,759.308012,690.439840,370.915450,250.909693,704.000000,480.000000,0.026632,15.828059,1.000000
1389015185.225023,5815.000000,296869.430681,5442696.762676,-1.813132,1.569978,0.199948,759.308012,690.439840,370.915450,250.909693,704.000000,480.000000,0.028665,15.802095,1.000000
1389015185.324724,5816.000000,296869.429666,5442696.735068,-1.809427,1.569978,0.199948,759.308012,690.439840,370.915450,250.909693,704.000000,480.000000,0.039905,15.775173,1.000000
1389015185.390769,5817.000000,296869.428946,5442696.715469,-1.797584,1.569978,0.199948,759.308012,690.439840,370.915450,250.909693,704.000000,480.000000,0.040557,15.815422,1.000000
1389015185.491003,5818.000000,296869.427603,5442696.678934,-1.793811,1.569978,0.199948,759.308012,690.439840,370.915450,250.909693,704.000000,480.000000,0.043654,15.831531,1.000000
1389015185.590683,5819.000000,296869.426301,5442696.643495,-1.790188,1.569978,0.199948,759.308012,690.439840,370.915450,250.909693,704.000000,480.000000,0.044649,15.826508,1.000000
1389015185.690388,5820.000000,296869.425249,5442696.614852,-1.784565,1.569978,0.199948,759.308012,690.439840,370.915450,250.909693,704.000000,480.000000,0.045797,15.828855,1.000000
1389015185.790924,5821.000000,296869.424191,5442696.586071,-1.781030,1.569978,0.199948,759.308012,690.439840,370.915450,250.909693,704.000000,480.000000,0.048815,15.839209,1.000000
1389015185.900469,5822.000000,296869.423057,5442696.555194,-1.776700,1.569978,0.199948,759.308012,690.439840,370.915450,250.909693,704.000000,480.000000,0.050066,15.846831,1.000000
1389015185.992212,5823.000000,296869.422106,5442696.529335,-1.774172,1.569978,0.199948,759.308012,690.439840,370.915450,250.909693,704.000000,480.000000,0.049091,15.844198,1.000000
1389015186.092911,5824.000000,296869.421063,5442696.500951,-1.775404,1.569978,0.199948,759.308012,690.439840,370.915450,250.909693,704.000000,480.000000,0.045910,15.839998,1.000000
1389015186.191180,5825.000000,296869.420052,5442696.473442,-1.771386,1.569978,0.199948,759.308012,690.439840,370.915450,250.909693,704.000000,480.000000,0.042715,15.837119,1.000000
1389015186.290810,5826.000000,296869.419049,5442696.446136,-1.767566,1.569978,0.199948,759.308012,690.439840,370.915450,250.909693,704.000000,480.000000,0.043586,15.792038,1.000000
1389015186.390752,5827.000000,296869.418107,5442696.420499,-1.763960,1.569978,0.199948,759.308012,690.439840,370.915450,250.909693,704.000000,480.000000,0.046683,15.810946,1.000000
1389015186.490811,5828.000000,296869.417405,5442696.401394,-1.748448,1.569978,0.199948,759.308012,690.439840,370.915450,250.909693,704.000000,480.000000,0.048984,15.849617,1.000000
1389015186.591455,5829.000000,296869.416614,5442696.379882,-1.748841,1.569978,0.199948,759.308012,690.439840,370.915450,250.909693,704.000000,480.000000,0.049001,15.840060,1.000000
1389015186.691075,5830.000000,296869.415613,5442696.352621,-1.747547,1.569978,0.199948,759.308012,690.439840,370.915450,250.909693,704.000000,480.000000,0.049001,15.851826,1.000000
1389015186.791966,5831.000000,296869.414598,5442696.325011,-1.742479,1.569978,0.199948,759.308012,690.439840,370.915450,250.909693,704.000000,480.000000,0.046885,15.857756,1.000000
1389015186.891524,5832.000000,296869.413597,5442696.297766,-1.740557,1.569978,0.199948,759.308012,690.439840,370.915450,250.909693,704.000000,480.000000,0.045813,15.850135,1.000000
1389015186.991337,5833.000000,296869.412588,5442696.270310,-1.742722,1.569978,0.199948,759.308012,690.439840,370.915450,250.909693,704.000000,480.000000,0.046863,15.827861,1.000000
1389015187.091690,5834.000000,296869.411555,5442696.242185,-1.745473,1.569978,0.199948,759.308012,690.439840,370.915450,250.909693,704.000000,480.000000,0.053866,15.635009,1.000000
1389015187.191596,5835.000000,296869.410609,5442696.216453,-1.743410,1.569978,0.199948,759.308012,690.439840,370.915450,250.909693,704.000000,480.000000,0.075308,15.238526,1.000000
1389015187.291677,5836.000000,296869.409934,5442696.198085,-1.732729,1.569978,0.199948,759.308012,690.439840,370.915450,250.909693,704.000000,480.000000,0.090111,15.627597,1.000000
1389015187.392401,5837.000000,296869.409179,5442696.177537,-1.730584,1.569978,0.199948,759.308012,690.439840,370.915450,250.909693,704.000000,480.000000,0.098841,15.696410,1.000000
1389015187.491611,5838.000000,296869.408174,5442696.150175,-1.723387,1.569978,0.199948,759.308012,690.439840,370.915450,250.909693,704.000000,480.000000,0.101182,15.731757,1.000000
1389015187.591902,5839.000000,296869.407157,5442696.122515,-1.706126,1.569978,0.199948,759.308012,690.439840,370.915450,250.909693,704.000000,480.000000,0.105265,15.748139,1.000000
1389015187.692199,5840.000000,296869.406141,5442696.094854,-1.703054,1.569978,0.199948,759.308012,690.439840,370.915450,250.909693,704.000000,480.000000,0.109443,15.354317,1.000000
1389015187.792627,5841.000000,296869.406337,5442696.066932,-1.686385,1.569978,0.199948,759.308012,690.439840,370.915450,250.909693,704.000000,480.000000,0.122083,15.714313,1.000000
1389015187.892413,5842.000000,296869.411515,5442696.038271,-1.680403,1.569978,0.199948,759.308012,690.439840,370.915450,250.909693,704.000000,480.000000,0.116400,15.779186,1.000000
1389015187.992265,5843.000000,296869.416582,5442696.007533,-1.669077,1.569978,0.199948,759.308012,690.439840,370.915450,250.909693,704.000000,480.000000,0.116112,15.784509,1.000000
1389015188.092134,5844.000000,296869.421292,5442695.970344,-1.653058,1.569978,0.199948,759.308012,690.439840,370.915450,250.909693,704.000000,480.000000,0.113019,15.775520,1.000000
1389015188.192518,5845.000000,296869.424647,5442695.935587,-1.634351,1.569978,0.199948,759.308012,690.439840,370.915450,250.909693,704.000000,480.000000,0.107955,15.807590,1.000000
1389015188.293801,5846.000000,296869.423664,5442695.908837,-1.624304,1.569978,0.199948,759.308012,690.439840,370.915450,250.909693,704.000000,480.000000,0.104582,15.824172,1.000000
1389015188.392735,5847.000000,296869.422740,5442695.883681,-1.613922,1.569978,0.199948,759.308012,690.439840,370.915450,250.909693,704.000000,480.000000,0.101385,15.819679,1.000000
1389015188.493444,5848.000000,296869.422019,5442695.864066,-1.603180,1.569978,0.199948,759.308012,690.439840,370.915450,250.909693,704.000000,480.000000,0.097131,15.812810,1.000000
1389015188.593832,5849.000000,296869.421232,5442695.842644,-1.600439,1.569978,0.199948,759.308012,690.439840,370.915450,250.909693,704.000000,480.000000,0.096857,15.449439,1.000000
1389015188.693105,5850.000000,296869.420248,5442695.815855,-1.587042,1.569978,0.199948,759.308012,690.439840,370.915450,250.909693,704.000000,480.000000,0.101330,15.721325,1.000000
1389015188.793859,5851.000000,296869.419860,5442695.789296,-1.569576,1.569978,0.199948,759.308012,690.439840,370.915450,250.909693,704.000000,480.000000,0.090948,15.813343,1.000000
1389015188.893563,5852.000000,296869.422081,5442695.765695,-1.559952,1.569978,0.199948,759.308012,690.439840,370.915450,250.909693,704.000000,480.000000,0.084365,15.839738,1.000000
1389015188.993267,5853.000000,296869.424302,5442695.742094,-1.550205,1.569978,0.199948,759.308012,690.439840,370.915450,250.909693,704.000000,480.000000,0.076914,15.839760,1.000000
1389015189.094052,5854.000000,296869.426548,5442695.718238,-1.538283,1.569978,0.199948,759.308012,690.439840,370.915450,250.909693,704.000000,480.000000,0.071491,15.840569,1.000000
1389015189.194052,5855.000000,296869.428719,5442695.693501,-1.538185,1.569978,0.199948,759.308012,690.439840,370.915450,250.909693,704.000000,480.000000,0.068279,15.837520,1.000000
1389015189.293692,5856.000000,296869.430722,5442695.665832,-1.532156,1.569978,0.199948,759.308012,690.439840,370.915450,250.909693,704.000000,480.000000,0.067199,15.832286,1.000000
1389015189.394232,5857.000000,296869.432743,5442695.637912,-1.511454,1.569978,0.199948,759.308012,690.439840,370.915450,250.909693,704.000000,480.000000,0.063935,15.827044,1.000000
1389015189.493994,5858.000000,296869.434749,5442695.610208,-1.495886,1.569978,0.199948,759.308012,690.439840,370.915450,250.909693,704.000000,480.000000,0.061961,15.826112,1.000000
1389015189.594883,5859.000000,296869.436820,5442695.583339,-1.489521,1.569978,0.199948,759.308012,690.439840,370.915450,250.909693,704.000000,480.000000,0.059750,15.823756,1.000000
1389015189.695050,5860.000000,296869.439004,5442695.560128,-1.482336,1.569978,0.199948,759.308012,690.439840,370.915450,250.909693,704.000000,480.000000,0.055667,15.813347,1.000000
1389015189.795020,5861.000000,296869.441184,5442695.536963,-1.476480,1.569978,0.199948,759.308012,690.439840,370.915450,250.909693,704.000000,480.000000,0.058566,15.823205,1.000000
1389015189.896266,5862.000000,296869.443392,5442695.513501,-1.464541,1.569978,0.199948,759.308012,690.439840,370.915450,250.909693,704.000000,480.000000,0.060620,15.818961,1.000000
1389015189.997175,5863.000000,296869.445550,5442695.488938,-1.463838,1.569978,0.199948,759.308012,690.439840,370.915450,250.909693,704.000000,480.000000,0.062750,15.819562,1.000000
1389015190.096951,5864.000000,296869.447556,5442695.461222,-1.451843,1.569978,0.199948,759.308012,690.439840,370.915450,250.909693,704.000000,480.000000,0.062764,15.826603,1.000000
1389015190.194716,5865.000000,296869.449522,5442695.434063,-1.450089,1.569978,0.199948,759.308012,690.439840,370.915450,250.909693,704.000000,480.000000,0.062848,15.818084,1.000000
1389015190.294930,5866.000000,296869.451538,5442695.406225,-1.451664,1.569978,0.199948,759.308012,690.439840,370.915450,250.909693,704.000000,480.000000,0.062930,15.749622,1.000000
1389015190.396008,5867.000000,296869.454977,5442695.379164,-1.452907,1.569978,0.199948,759.308012,690.439840,370.915450,250.909693,704.000000,480.000000,0.063825,15.764510,1.000000
1389015190.495376,5868.000000,296869.463129,5442695.356013,-1.448035,1.569978,0.199948,759.308012,690.439840,370.915450,250.909693,704.000000,480.000000,0.071883,15.540121,1.000000
1389015190.595567,5869.000000,296869.471348,5442695.332669,-1.434842,1.569978,0.199948,759.308012,690.439840,370.915450,250.909693,704.000000,480.000000,0.074546,15.782072,1.000000
1389015190.695080,5870.000000,296869.479512,5442695.309484,-1.433002,1.569978,0.199948,759.308012,690.439840,370.915450,250.909693,704.000000,480.000000,0.075541,15.817317,1.000000
1389015190.795676,5871.000000,296869.485996,5442695.284960,-1.425944,1.569978,0.199948,759.308012,690.439840,370.915450,250.909693,704.000000,480.000000,0.075630,15.835107,1.000000
1389015190.895735,5872.000000,296869.484930,5442695.255947,-1.423099,1.569978,0.199948,759.308012,690.439840,370.915450,250.909693,704.000000,480.000000,0.076607,15.828285,1.000000
1389015190.995548,5873.000000,296869.487280,5442695.229758,-1.411254,1.569978,0.199948,759.308012,690.439840,370.915450,250.909693,704.000000,480.000000,0.076613,15.817676,1.000000
1389015191.095515,5874.000000,296869.498719,5442695.210858,-1.403328,1.569978,0.199948,759.308012,690.439840,370.915450,250.909693,704.000000,480.000000,0.076614,15.775529,1.000000
1389015191.196027,5875.000000,296869.508485,5442695.189429,-1.398665,1.569978,0.199948,759.308012,690.439840,370.915450,250.909693,704.000000,480.000000,0.075556,15.737268,1.000000
1389015191.295846,5876.000000,296869.513509,5442695.161620,-1.387468,1.569978,0.199948,759.308012,690.439840,370.915450,250.909693,704.000000,480.000000,0.074408,15.678292,1.000000
1389015191.395813,5877.000000,296869.518583,5442695.134499,-1.383045,1.569978,0.199948,759.308012,690.439840,370.915450,250.909693,704.000000,480.000000,0.072695,15.611032,1.000000
1389015191.496153,5878.000000,296869.523797,5442695.109382,-1.374916,1.569978,0.199948,759.308012,690.439840,370.915450,250.909693,704.000000,480.000000,0.076586,15.693028,1.000000
1389015191.596054,5879.000000,296869.528988,5442695.084375,-1.376771,1.569978,0.199948,759.308012,690.439840,370.915450,250.909693,704.000000,480.000000,0.078812,15.732389,1.000000
1389015191.695873,5880.000000,296869.534175,5442695.059388,-1.364349,1.569978,0.199948,759.308012,690.439840,370.915450,250.909693,704.000000,480.000000,0.080860,15.741712,1.000000
1389015191.796606,5881.000000,296869.539410,5442695.034172,-1.352272,1.569978,0.199948,759.308012,690.439840,370.915450,250.909693,704.000000,480.000000,0.081038,15.752394,1.000000
1389015191.896580,5882.000000,296869.544605,5442695.009147,-1.346161,1.569978,0.199948,759.308012,690.439840,370.915450,250.909693,704.000000,480.000000,0.081040,15.757536,1.000000
1389015191.996228,5883.000000,296869.551569,5442694.985992,-1.332545,1.569978,0.199948,759.308012,690.439840,370.915450,250.909693,704.000000,480.000000,0.079900,15.757244,1.000000
1389015192.096720,5884.000000,296869.563017,5442694.967075,-1.320831,1.569978,0.199948,759.308012,690.439840,370.915450,250.909693,704.000000,480.000000,0.078834,15.751852,1.000000
1389015192.196995,5885.000000,296869.572674,5442694.945594,-1.310189,1.569978,0.199948,759.308012,690.439840,370.915450,250.909693,704.000000,480.000000,0.083869,15.745762,1.000000
1389015192.296808,5886.000000,296869.577747,5442694.917517,-1.303148,1.569978,0.199948,759.308012,690.439840,370.915450,250.909693,704.000000,480.000000,0.084150,15.744090,1.000000
1389015192.397472,5887.000000,296869.582862,5442694.889202,-1.296688,1.569978,0.199948,759.308012,690.439840,370.915450,250.909693,704.000000,480.000000,0.084153,15.745542,1.000000
1389015192.498701,5888.000000,296869.588006,5442694.860727,-1.287391,1.569978,0.199948,759.308012,690.439840,370.915450,250.909693,704.000000,480.000000,0.081955,15.757384,1.000000
1389015192.599684,5889.000000,296869.593240,5442694.835365,-1.280793,1.569978,0.199948,759.308012,690.439840,370.915450,250.909693,704.000000,480.000000,0.080964,15.794417,1.000000
1389015192.697940,5890.000000,296869.598542,5442694.816960,-1.267720,1.569978,0.199948,759.308012,690.439840,370.915450,250.909693,704.000000,480.000000,0.084943,15.793551,1.000000
1389015192.797573,5891.000000,296869.605458,5442694.795916,-1.261102,1.569978,0.199948,759.308012,690.439840,370.915450,250.909693,704.000000,480.000000,0.088308,15.803002,1.000000
1389015192.907434,5892.000000,296869.617013,5442694.766636,-1.249449,1.569978,0.199948,759.308012,690.439840,370.915450,250.909693,704.000000,480.000000,0.092399,15.811116,1.000000
1389015193.000776,5893.000000,296869.626394,5442694.742309,-1.245975,1.569978,0.199948,759.308012,690.439840,370.915450,250.909693,704.000000,480.000000,0.093731,15.809137,1.000000
1389015193.101792,5894.000000,296869.634959,5442694.717983,-1.241879,1.569978,0.199948,759.308012,690.439840,370.915450,250.909693,704.000000,480.000000,0.094716,15.629707,1.000000
1389015193.201899,5895.000000,296869.643448,5442694.693876,-1.233531,1.569978,0.199948,759.308012,690.439840,370.915450,250.909693,704.000000,480.000000,0.080323,15.635275,1.000000
1389015193.297668,5896.000000,296869.651568,5442694.670813,-1.217036,1.569978,0.199948,759.308012,690.439840,370.915450,250.909693,704.000000,480.000000,0.075909,15.694606,1.000000
1389015193.398067,5897.000000,296869.659123,5442694.645426,-1.202950,1.569978,0.199948,759.308012,690.439840,370.915450,250.909693,704.000000,480.000000,0.075714,15.708170,1.000000
1389015193.498454,5898.000000,296869.664260,5442694.616992,-1.197208,1.569978,0.199948,759.308012,690.439840,370.915450,250.909693,704.000000,480.000000,0.075631,15.712820,1.000000
1389015193.597779,5899.000000,296869.671175,5442694.588890,-1.198779,1.569978,0.199948,759.308012,690.439840,370.915450,250.909693,704.000000,480.000000,0.072704,15.717162,1.000000
1389015193.697735,5900.000000,296869.682306,5442694.560682,-1.187871,1.569978,0.199948,759.308012,690.439840,370.915450,250.909693,704.000000,480.000000,0.071461,15.728765,1.000000
1389015193.797694,5901.000000,296869.693339,5442694.532725,-1.181046,1.569978,0.199948,759.308012,690.439840,370.915450,250.909693,704.000000,480.000000,0.069337,15.750419,1.000000
1389015193.897648,5902.000000,296869.704143,5442694.505348,-1.176904,1.569978,0.199948,759.308012,690.439840,370.915450,250.909693,704.000000,480.000000,0.068182,15.760698,1.000000
1389015194.000175,5903.000000,296869.715317,5442694.478358,-1.155589,1.569978,0.199948,759.308012,690.439840,370.915450,250.909693,704.000000,480.000000,0.064106,15.755810,1.000000
1389015194.099010,5904.000000,296869.726343,5442694.455352,-1.146891,1.569978,0.199948,759.308012,690.439840,370.915450,250.909693,704.000000,480.000000,0.059847,15.755463,1.000000
1389015194.199075,5905.000000,296869.737507,5442694.432059,-1.139580,1.569978,0.199948,759.308012,690.439840,370.915450,250.909693,704.000000,480.000000,0.054610,15.745390,1.000000
1389015194.309291,5906.000000,296869.749803,5442694.406403,-1.136655,1.569978,0.199948,759.308012,690.439840,370.915450,250.909693,704.000000,480.000000,0.051236,15.748602,1.000000
1389015194.400223,5907.000000,296869.760034,5442694.385055,-1.134200,1.569978,0.199948,759.308012,690.439840,370.915450,250.909693,704.000000,480.000000,0.051212,15.742376,1.000000
1389015194.497455,5908.000000,296869.771281,5442694.361589,-1.125693,1.569978,0.199948,759.308012,690.439840,370.915450,250.909693,704.000000,480.000000,0.049015,15.746129,1.000000
1389015194.597933,5909.000000,296869.782904,5442694.337338,-1.115470,1.569978,0.199948,759.308012,690.439840,370.915450,250.909693,704.000000,480.000000,0.044850,15.750880,1.000000
1389015194.698061,5910.000000,296869.794486,5442694.313173,-1.114250,1.569978,0.199948,759.308012,690.439840,370.915450,250.909693,704.000000,480.000000,0.040672,15.743219,1.000000
1389015194.797840,5911.000000,296869.805811,5442694.288219,-1.126564,1.569978,0.199948,759.308012,690.439840,370.915450,250.909693,704.000000,480.000000,0.033649,15.625280,1.000000
1389015194.904003,5912.000000,296869.817253,5442694.259225,-1.109467,1.569978,0.199948,759.308012,690.439840,370.915450,250.909693,704.000000,480.000000,0.024807,15.719568,1.000000
1389015194.998320,5913.000000,296869.827540,5442694.234233,-1.102415,1.569978,0.199948,759.308012,690.439840,370.915450,250.909693,704.000000,480.000000,0.026453,15.755090,1.000000
1389015195.098406,5914.000000,296869.838903,5442694.210523,-1.099928,1.569978,0.199948,759.308012,690.439840,370.915450,250.909693,704.000000,480.000000,0.029719,15.754539,1.000000
1389015195.198704,5915.000000,296869.850291,5442694.186763,-1.090207,1.569978,0.199948,759.308012,690.439840,370.915450,250.909693,704.000000,480.000000,0.027709,15.708530,1.000000
1389015195.298583,5916.000000,296869.861630,5442694.163103,-1.085830,1.569978,0.199948,759.308012,690.439840,370.915450,250.909693,704.000000,480.000000,0.016223,15.579478,1.000000
1389015195.399876,5917.000000,296869.873884,5442694.137844,-1.084817,1.569978,0.199948,759.308012,690.439840,370.915450,250.909693,704.000000,480.000000,0.015814,15.730447,1.000000
1389015195.498599,5918.000000,296869.888166,5442694.109300,-1.086745,1.569978,0.199948,759.308012,690.439840,370.915450,250.909693,704.000000,480.000000,0.021995,15.740864,1.000000
1389015195.598933,5919.000000,296869.902680,5442694.080291,-1.085777,1.569978,0.199948,759.308012,690.439840,370.915450,250.909693,704.000000,480.000000,0.017322,15.560937,1.000000
1389015195.699048,5920.000000,296869.917164,5442694.051344,-1.088610,1.569978,0.199948,759.308012,690.439840,370.915450,250.909693,704.000000,480.000000,0.016090,15.735701,1.000000
1389015195.798871,5921.000000,296869.930592,5442694.025710,-1.081793,1.569978,0.199948,759.308012,690.439840,370.915450,250.909693,704.000000,480.000000,0.018011,15.757022,1.000000
1389015195.899107,5922.000000,296869.941823,5442694.007155,-1.078086,1.569978,0.199948,759.308012,690.439840,370.915450,250.909693,704.000000,480.000000,0.023068,15.632588,1.000000
1389015195.999265,5923.000000,296869.953077,5442693.985917,-1.080964,1.569978,0.199948,759.308012,690.439840,370.915450,250.909693,704.000000,480.000000,0.012205,15.678852,1.000000
1389015196.099249,5924.000000,296869.964402,5442693.957218,-1.073269,1.569978,0.199948,759.308012,690.439840,370.915450,250.909693,704.000000,480.000000,0.014483,15.756195,1.000000
1389015196.199414,5925.000000,296869.976554,5442693.928670,-1.070147,1.569978,0.199948,759.308012,690.439840,370.915450,250.909693,704.000000,480.000000,0.021904,15.751436,1.000000
1389015196.299521,5926.000000,296869.990591,5442693.900615,-1.072885,1.569978,0.199948,759.308012,690.439840,370.915450,250.909693,704.000000,480.000000,0.024400,15.529151,1.000000
1389015196.399687,5927.000000,296870.004637,5442693.872543,-1.067341,1.569978,0.199948,759.308012,690.439840,370.915450,250.909693,704.000000,480.000000,0.016119,15.716653,1.000000
1389015196.502238,5928.000000,296870.019017,5442693.843802,-1.060447,1.569978,0.199948,759.308012,690.439840,370.915450,250.909693,704.000000,480.000000,0.016954,15.735022,1.000000
1389015196.599916,5929.000000,296870.033725,5442693.818601,-1.053069,1.569978,0.199948,759.308012,690.439840,370.915450,250.909693,704.000000,480.000000,0.024037,15.722857,1.000000
1389015196.699782,5930.000000,296870.051639,5442693.799023,-1.056729,1.569978,0.199948,759.308012,690.439840,370.915450,250.909693,704.000000,480.000000,0.017747,15.547437,1.000000
1389015196.802901,5931.000000,296870.068041,5442693.775595,-1.062220,1.569978,0.199948,759.308012,690.439840,370.915450,250.909693,704.000000,480.000000,0.015990,15.740454,1.000000
1389015196.900072,5932.000000,296870.079295,5442693.747076,-1.060979,1.569978,0.199948,759.308012,690.439840,370.915450,250.909693,704.000000,480.000000,0.018987,15.759241,1.000000
1389015196.999903,5933.000000,296870.092963,5442693.718136,-1.070978,1.569978,0.199948,759.308012,690.439840,370.915450,250.909693,704.000000,480.000000,0.022346,15.579494,1.000000
1389015197.100956,5934.000000,296870.110328,5442693.689443,-1.063693,1.569978,0.199948,759.308012,690.439840,370.915450,250.909693,704.000000,480.000000,0.012118,15.703535,1.000000
1389015197.200526,5935.000000,296870.127439,5442693.661172,-1.055531,1.569978,0.199948,759.308012,690.439840,370.915450,250.909693,704.000000,480.000000,0.013834,15.735633,1.000000
1389015197.300863,5936.000000,296870.144681,5442693.632683,-1.053640,1.569978,0.199948,759.308012,690.439840,370.915450,250.909693,704.000000,480.000000,0.019054,15.706811,1.000000
1389015197.401222,5937.000000,296870.159625,5442693.604268,-1.053623,1.569978,0.199948,759.308012,690.439840,370.915450,250.909693,704.000000,480.000000,0.014211,15.552924,1.000000
1389015197.501888,5938.000000,296870.170822,5442693.575897,-1.052259,1.569978,0.199948,759.308012,690.439840,370.915450,250.909693,704.000000,480.000000,0.013686,15.734619,1.000000
1389015197.601146,5939.000000,296870.184149,5442693.547823,-1.052963,1.569978,0.199948,759.308012,690.439840,370.915450,250.909693,704.000000,480.000000,0.017750,15.734679,1.000000
1389015197.700740,5940.000000,296870.201297,5442693.519492,-1.066053,1.569978,0.199948,759.308012,690.439840,370.915450,250.909693,704.000000,480.000000,0.014203,15.560007,1.000000
1389015197.800902,5941.000000,296870.218303,5442693.491394,-1.066716,1.569978,0.199948,759.308012,690.439840,370.915450,250.909693,704.000000,480.000000,0.010595,15.736526,1.000000
1389015197.901165,5942.000000,296870.234922,5442693.463935,-1.059482,1.569978,0.199948,759.308012,690.439840,370.915450,250.909693,704.000000,480.000000,0.013579,15.750564,1.000000
1389015198.002006,5943.000000,296870.251636,5442693.436318,-1.054048,1.569978,0.199948,759.308012,690.439840,370.915450,250.909693,704.000000,480.000000,0.017994,15.657957,1.000000
1389015198.101269,5944.000000,296870.268089,5442693.409134,-1.045364,1.569978,0.199948,759.308012,690.439840,370.915450,250.909693,704.000000,480.000000,0.008833,15.656416,1.000000
1389015198.201249,5945.000000,296870.284942,5442693.379012,-1.039278,1.569978,0.199948,759.308012,690.439840,370.915450,250.909693,704.000000,480.000000,0.010556,15.771353,1.000000
1389015198.301353,5946.000000,296870.302813,5442693.339083,-1.043655,1.569978,0.199948,759.308012,690.439840,370.915450,250.909693,704.000000,480.000000,0.013661,15.762379,1.000000
1389015198.402545,5947.000000,296870.320629,5442693.302676,-1.044131,1.569978,0.199948,759.308012,690.439840,370.915450,250.909693,704.000000,480.000000,0.011894,15.665278,1.000000
1389015198.501457,5948.000000,296870.337560,5442693.274702,-1.041113,1.569978,0.199948,759.308012,690.439840,370.915450,250.909693,704.000000,480.000000,0.000328,15.596729,1.000000
1389015198.601841,5949.000000,296870.353737,5442693.246417,-1.041386,1.569978,0.199948,759.308012,690.439840,370.915450,250.909693,704.000000,480.000000,0.001059,15.775094,1.000000
1389015198.701914,5950.000000,296870.367735,5442693.218440,-1.031332,1.569978,0.199948,759.308012,690.439840,370.915450,250.909693,704.000000,480.000000,0.003098,15.787724,1.000000
1389015198.801600,5951.000000,296870.381679,5442693.190572,-1.027077,1.569978,0.199948,759.308012,690.439840,370.915450,250.909693,704.000000,480.000000,0.003194,15.773113,1.000000
1389015198.903152,5952.000000,296870.395883,5442693.162182,-1.037413,1.569978,0.199948,759.308012,690.439840,370.915450,250.909693,704.000000,480.000000,0.001162,15.668782,1.000000
1389015199.002102,5953.000000,296870.410619,5442693.134341,-1.021973,1.569978,0.199948,759.308012,690.439840,370.915450,250.909693,704.000000,480.000000,-0.007070,15.704634,1.000000
1389015199.102072,5954.000000,296870.427937,5442693.105728,-1.025682,1.569978,0.199948,759.308012,690.439840,370.915450,250.909693,704.000000,480.000000,-0.011686,15.751164,1.000000
1389015199.202451,5955.000000,296870.443505,5442693.077285,-1.023306,1.569978,0.199948,759.308012,690.439840,370.915450,250.909693,704.000000,480.000000,-0.013834,15.756315,1.000000
1389015199.307480,5956.000000,296870.454947,5442693.048290,-1.021086,1.569978,0.199948,759.308012,690.439840,370.915450,250.909693,704.000000,480.000000,-0.013685,15.753922,1.000000
1389015199.402354,5957.000000,296870.466760,5442693.021933,-1.023787,1.569978,0.199948,759.308012,690.439840,370.915450,250.909693,704.000000,480.000000,-0.013684,15.753354,1.000000
1389015199.503071,5958.000000,296870.484013,5442692.993427,-1.021691,1.569978,0.199948,759.308012,690.439840,370.915450,250.909693,704.000000,480.000000,-0.014905,15.748887,1.000000
1389015199.603693,5959.000000,296870.500552,5442692.963714,-1.022699,1.569978,0.199948,759.308012,690.439840,370.915450,250.909693,704.000000,480.000000,-0.014914,15.745545,1.000000
1389015199.703613,5960.000000,296870.514755,5442692.930291,-1.029661,1.569978,0.199948,759.308012,690.439840,370.915450,250.909693,704.000000,480.000000,-0.016948,15.743597,1.000000
1389015199.803735,5961.000000,296870.528986,5442692.896800,-1.042050,1.569978,0.199948,759.308012,690.439840,370.915450,250.909693,704.000000,480.000000,-0.018101,15.741571,1.000000
1389015199.903944,5962.000000,296870.543229,5442692.863279,-1.045176,1.569978,0.199948,759.308012,690.439840,370.915450,250.909693,704.000000,480.000000,-0.019168,15.743995,1.000000
1389015200.002934,5963.000000,296870.557130,5442692.831960,-1.050244,1.569978,0.199948,759.308012,690.439840,370.915450,250.909693,704.000000,480.000000,-0.022184,15.762351,1.000000
1389015200.103511,5964.000000,296870.570833,5442692.804572,-1.048261,1.569978,0.199948,759.308012,690.439840,370.915450,250.909693,704.000000,480.000000,-0.022451,15.760036,1.000000
1389015200.203879,5965.000000,296870.584508,5442692.777241,-1.053154,1.569978,0.199948,759.308012,690.439840,370.915450,250.909693,704.000000,480.000000,-0.023429,15.801747,1.000000
1389015200.303676,5966.000000,296870.598106,5442692.750065,-1.044507,1.569978,0.199948,759.308012,690.439840,370.915450,250.909693,704.000000,480.000000,-0.018229,15.826463,1.000000
1389015200.404016,5967.000000,296870.611596,5442692.722213,-1.050290,1.569978,0.199948,759.308012,690.439840,370.915450,250.909693,704.000000,480.000000,-0.018028,15.826966,1.000000
1389015200.504913,5968.000000,296870.623992,5442692.690802,-1.044637,1.569978,0.199948,759.308012,690.439840,370.915450,250.909693,704.000000,480.000000,-0.017052,15.820421,1.000000
1389015200.605232,5969.000000,296870.636907,5442692.660585,-1.055856,1.569978,0.199948,759.308012,690.439840,370.915450,250.909693,704.000000,480.000000,-0.017044,15.817852,1.000000
1389015200.706275,5970.000000,296870.651110,5442692.632201,-1.055658,1.569978,0.199948,759.308012,690.439840,370.915450,250.909693,704.000000,480.000000,-0.015011,15.825863,1.000000
1389015200.803864,5971.000000,296870.664826,5442692.604787,-1.054981,1.569978,0.199948,759.308012,690.439840,370.915450,250.909693,704.000000,480.000000,-0.014922,15.833162,1.000000
1389015200.904421,5972.000000,296870.678960,5442692.576539,-1.049574,1.569978,0.199948,759.308012,690.439840,370.915450,250.909693,704.000000,480.000000,-0.010683,15.832986,1.000000
1389015201.004452,5973.000000,296870.692034,5442692.547332,-1.051718,1.569978,0.199948,759.308012,690.439840,370.915450,250.909693,704.000000,480.000000,-0.008619,15.840873,1.000000
1389015201.104762,5974.000000,296870.702721,5442692.515321,-1.048255,1.569978,0.199948,759.308012,690.439840,370.915450,250.909693,704.000000,480.000000,-0.008441,15.831858,1.000000
1389015201.204142,5975.000000,296870.713308,5442692.483606,-1.055536,1.569978,0.199948,759.308012,690.439840,370.915450,250.909693,704.000000,480.000000,-0.006488,15.760777,1.000000
1389015201.305374,5976.000000,296870.724093,5442692.451300,-1.068818,1.569978,0.199948,759.308012,690.439840,370.915450,250.909693,704.000000,480.000000,0.000522,15.481218,1.000000
1389015201.404866,5977.000000,296870.734806,5442692.420121,-1.072963,1.569978,0.199948,759.308012,690.439840,370.915450,250.909693,704.000000,480.000000,0.022783,15.610198,1.000000
1389015201.505111,5978.000000,296870.746135,5442692.391414,-1.080968,1.569978,0.199948,759.308012,690.439840,370.915450,250.909693,704.000000,480.000000,0.037748,15.595568,1.000000
1389015201.605057,5979.000000,296870.757562,5442692.362457,-1.095529,1.569978,0.199948,759.308012,690.439840,370.915450,250.909693,704.000000,480.000000,0.059740,15.645557,1.000000
1389015201.705472,5980.000000,296870.769559,5442692.332057,-1.091341,1.569978,0.199948,759.308012,690.439840,370.915450,250.909693,704.000000,480.000000,0.074948,15.687060,1.000000
1389015201.804806,5981.000000,296870.783072,5442692.301181,-1.088458,1.569978,0.199948,759.308012,690.439840,370.915450,250.909693,704.000000,480.000000,0.085715,15.711849,1.000000
1389015201.905514,5982.000000,296870.800022,5442692.268292,-1.082256,1.569978,0.199948,759.308012,690.439840,370.915450,250.909693,704.000000,480.000000,0.095556,15.717968,1.000000
1389015202.005161,5983.000000,296870.816794,5442692.235749,-1.081646,1.569978,0.199948,759.308012,690.439840,370.915450,250.909693,704.000000,480.000000,0.104899,15.649382,1.000000
1389015202.105426,5984.000000,296870.833670,5442692.203004,-1.070625,1.569978,0.199948,759.308012,690.439840,370.915450,250.909693,704.000000,480.000000,0.109769,15.784236,1.000000
1389015202.206179,5985.000000,296870.848863,5442692.171599,-1.049499,1.569978,0.199948,759.308012,690.439840,370.915450,250.909693,704.000000,480.000000,0.105653,15.815999,1.000000
1389015202.305725,5986.000000,296870.859715,5442692.144100,-1.035461,1.569978,0.199948,759.308012,690.439840,370.915450,250.909693,704.000000,480.000000,0.102452,15.821680,1.000000
1389015202.406700,5987.000000,296870.872756,5442692.115334,-1.014780,1.569978,0.199948,759.308012,690.439840,370.915450,250.909693,704.000000,480.000000,0.096082,15.824660,1.000000
1389015202.505855,5988.000000,296870.891356,5442692.084603,-0.985648,1.569978,0.199948,759.308012,690.439840,370.915450,250.909693,704.000000,480.000000,0.089854,15.808178,1.000000
1389015202.606658,5989.000000,296870.908210,5442692.054726,-0.973856,1.569978,0.199948,759.308012,690.439840,370.915450,250.909693,704.000000,480.000000,0.082406,15.737838,1.000000
1389015202.705553,5990.000000,296870.921946,5442692.027274,-0.974491,1.569978,0.199948,759.308012,690.439840,370.915450,250.909693,704.000000,480.000000,0.063970,15.562041,1.000000
1389015202.809700,5991.000000,296870.936411,5442691.998363,-0.967348,1.569978,0.199948,759.308012,690.439840,370.915450,250.909693,704.000000,480.000000,0.044471,15.627847,1.000000
1389015202.906729,5992.000000,296870.949887,5442691.971429,-0.955255,1.569978,0.199948,759.308012,690.439840,370.915450,250.909693,704.000000,480.000000,0.037661,15.735960,1.000000
1389015203.010746,5993.000000,296870.964290,5442691.940796,-0.955166,1.569978,0.199948,759.308012,690.439840,370.915450,250.909693,704.000000,480.000000,0.033218,15.771054,1.000000
1389015203.110027,5994.000000,296870.977961,5442691.908622,-0.948731,1.569978,0.199948,759.308012,690.439840,370.915450,250.909693,704.000000,480.000000,0.024889,15.700996,1.000000
1389015203.207245,5995.000000,296870.991348,5442691.877117,-0.938739,1.569978,0.199948,759.308012,690.439840,370.915450,250.909693,704.000000,480.000000,0.004002,15.675951,1.000000
1389015203.306750,5996.000000,296871.005051,5442691.844870,-0.934664,1.569978,0.199948,759.308012,690.439840,370.915450,250.909693,704.000000,480.000000,-0.003064,15.760026,1.000000
1389015203.409016,5997.000000,296871.018973,5442691.812888,-0.923833,1.569978,0.199948,759.308012,690.439840,370.915450,250.909693,704.000000,480.000000,-0.001245,15.793569,1.000000
1389015203.506600,5998.000000,296871.031875,5442691.785154,-0.920290,1.569978,0.199948,759.308012,690.439840,370.915450,250.909693,704.000000,480.000000,-0.000986,15.811391,1.000000
1389015203.606853,5999.000000,296871.045130,5442691.756661,-0.921834,1.569978,0.199948,759.308012,690.439840,370.915450,250.909693,704.000000,480.000000,-0.000090,15.820242,1.000000
1389015203.708766,6000.000000,296871.058604,5442691.727697,-0.913301,1.569978,0.199948,759.308012,690.439840,370.915450,250.909693,704.000000,480.000000,-0.003094,15.824655,1.000000
1389015203.806780,6001.000000,296871.071563,5442691.699841,-0.912123,1.569978,0.199948,759.308012,690.439840,370.915450,250.909693,704.000000,480.000000,-0.006124,15.831321,1.000000
1389015203.907002,6002.000000,296871.084814,5442691.671357,-0.910256,1.569978,0.199948,759.308012,690.439840,370.915450,250.909693,704.000000,480.000000,-0.006309,15.826341,1.000000
1389015204.006909,6003.000000,296871.099379,5442691.645579,-0.904674,1.569978,0.199948,759.308012,690.439840,370.915450,250.909693,704.000000,480.000000,-0.006474,15.827091,1.000000
1389015204.107033,6004.000000,296871.117245,5442691.626053,-0.903415,1.569978,0.199948,759.308012,690.439840,370.915450,250.909693,704.000000,480.000000,-0.006475,15.826403,1.000000
1389015204.206903,6005.000000,296871.135799,5442691.605263,-0.908164,1.569978,0.199948,759.308012,690.439840,370.915450,250.909693,704.000000,480.000000,-0.007451,15.824315,1.000000
1389015204.307269,6006.000000,296871.155976,5442691.581627,-0.908646,1.569978,0.199948,759.308012,690.439840,370.915450,250.909693,704.000000,480.000000,-0.007458,15.828726,1.000000
1389015204.409815,6007.000000,296871.176592,5442691.557477,-0.906542,1.569978,0.199948,759.308012,690.439840,370.915450,250.909693,704.000000,480.000000,-0.003472,15.826435,1.000000
1389015204.507147,6008.000000,296871.196159,5442691.534555,-0.910174,1.569978,0.199948,759.308012,690.439840,370.915450,250.909693,704.000000,480.000000,-0.002223,15.818273,1.000000
1389015204.608350,6009.000000,296871.215950,5442691.511759,-0.919710,1.569978,0.199948,759.308012,690.439840,370.915450,250.909693,704.000000,480.000000,-0.001074,15.780903,1.000000
1389015204.708109,6010.000000,296871.233981,5442691.492052,-0.935314,1.569978,0.199948,759.308012,690.439840,370.915450,250.909693,704.000000,480.000000,0.007800,15.634992,1.000000
1389015204.807477,6011.000000,296871.251691,5442691.469593,-0.945993,1.569978,0.199948,759.308012,690.439840,370.915450,250.909693,704.000000,480.000000,0.018685,15.607852,1.000000
1389015204.907778,6012.000000,296871.269034,5442691.440937,-0.949953,1.569978,0.199948,759.308012,690.439840,370.915450,250.909693,704.000000,480.000000,0.025272,15.737183,1.000000
1389015205.008894,6013.000000,296871.286519,5442691.412048,-0.946484,1.569978,0.199948,759.308012,690.439840,370.915450,250.909693,704.000000,480.000000,0.029631,15.777343,1.000000
1389015205.107800,6014.000000,296871.303622,5442691.383790,-0.940365,1.569978,0.199948,759.308012,690.439840,370.915450,250.909693,704.000000,480.000000,0.033892,15.797116,1.000000
1389015205.208138,6015.000000,296871.320977,5442691.356793,-0.934965,1.569978,0.199948,759.308012,690.439840,370.915450,250.909693,704.000000,480.000000,0.037990,15.794455,1.000000
1389015205.308210,6016.000000,296871.338298,5442691.333067,-0.923827,1.569978,0.199948,759.308012,690.439840,370.915450,250.909693,704.000000,480.000000,0.040298,15.784918,1.000000
1389015205.408138,6017.000000,296871.355594,5442691.309374,-0.916449,1.569978,0.199948,759.308012,690.439840,370.915450,250.909693,704.000000,480.000000,0.041536,15.791348,1.000000
1389015205.508435,6018.000000,296871.372954,5442691.285594,-0.909579,1.569978,0.199948,759.308012,690.439840,370.915450,250.909693,704.000000,480.000000,0.040569,15.813586,1.000000
1389015205.608622,6019.000000,296871.392406,5442691.263226,-0.902221,1.569978,0.199948,759.308012,690.439840,370.915450,250.909693,704.000000,480.000000,0.035355,15.816183,1.000000
1389015205.709299,6020.000000,296871.416300,5442691.243603,-0.900424,1.569978,0.199948,759.308012,690.439840,370.915450,250.909693,704.000000,480.000000,0.032145,15.828589,1.000000
1389015205.809257,6021.000000,296871.437902,5442691.220875,-0.899606,1.569978,0.199948,759.308012,690.439840,370.915450,250.909693,704.000000,480.000000,0.030021,15.834997,1.000000
1389015205.909439,6022.000000,296871.455467,5442691.191854,-0.893975,1.569978,0.199948,759.308012,690.439840,370.915450,250.909693,704.000000,480.000000,0.027697,15.838472,1.000000
1389015206.009480,6023.000000,296871.473078,5442691.166520,-0.881669,1.569978,0.199948,759.308012,690.439840,370.915450,250.909693,704.000000,480.000000,0.027695,15.841355,1.000000
1389015206.109785,6024.000000,296871.490853,5442691.147094,-0.870936,1.569978,0.199948,759.308012,690.439840,370.915450,250.909693,704.000000,480.000000,0.026719,15.842783,1.000000
1389015206.209806,6025.000000,296871.509437,5442691.126159,-0.865192,1.569978,0.199948,759.308012,690.439840,370.915450,250.909693,704.000000,480.000000,0.025737,15.835300,1.000000
1389015206.309373,6026.000000,296871.529214,5442691.102991,-0.864276,1.569978,0.199948,759.308012,690.439840,370.915450,250.909693,704.000000,480.000000,0.024508,15.768954,1.000000
1389015206.412014,6027.000000,296871.549602,5442691.079108,-0.880339,1.569978,0.199948,759.308012,690.439840,370.915450,250.909693,704.000000,480.000000,0.019540,15.520645,1.000000
1389015206.511039,6028.000000,296871.569272,5442691.056066,-0.888760,1.569978,0.199948,759.308012,690.439840,370.915450,250.909693,704.000000,480.000000,-0.008401,15.468044,1.000000
1389015206.609270,6029.000000,296871.588280,5442691.032793,-0.892311,1.569978,0.199948,759.308012,690.439840,370.915450,250.909693,704.000000,480.000000,-0.023733,15.578936,1.000000
1389015206.709578,6030.000000,296871.606403,5442691.007967,-0.896101,1.569978,0.199948,759.308012,690.439840,370.915450,250.909693,704.000000,480.000000,-0.034582,15.599568,1.000000
1389015206.809689,6031.000000,296871.624491,5442690.983190,-0.896125,1.569978,0.199948,759.308012,690.439840,370.915450,250.909693,704.000000,480.000000,-0.050279,15.493583,1.000000
1389015206.909531,6032.000000,296871.642531,5442690.958480,-0.905280,1.569978,0.199948,759.308012,690.439840,370.915450,250.909693,704.000000,480.000000,-0.080574,15.330647,1.000000
1389015207.010180,6033.000000,296871.660335,5442690.931958,-0.915458,1.569978,0.199948,759.308012,690.439840,370.915450,250.909693,704.000000,480.000000,-0.120654,15.270259,1.000000
1389015207.110134,6034.000000,296871.677528,5442690.903551,-0.908451,1.569978,0.199948,759.308012,690.439840,370.915450,250.909693,704.000000,480.000000,-0.149094,15.470146,1.000000
1389015207.210881,6035.000000,296871.692100,5442690.875185,-0.903319,1.569978,0.199948,759.308012,690.439840,370.915450,250.909693,704.000000,480.000000,-0.162477,15.629057,1.000000
1389015207.309963,6036.000000,296871.702978,5442690.847621,-0.907707,1.569978,0.199948,759.308012,690.439840,370.915450,250.909693,704.000000,480.000000,-0.165991,15.720495,1.000000
1389015207.410296,6037.000000,296871.714118,5442690.821451,-0.916846,1.569978,0.199948,759.308012,690.439840,370.915450,250.909693,704.000000,480.000000,-0.163251,15.766610,1.000000
1389015207.510633,6038.000000,296871.725440,5442690.797828,-0.919506,1.569978,0.199948,759.308012,690.439840,370.915450,250.909693,704.000000,480.000000,-0.160059,15.791744,1.000000
1389015207.611768,6039.000000,296871.736852,5442690.774016,-0.937939,1.569978,0.199948,759.308012,690.439840,370.915450,250.909693,704.000000,480.000000,-0.155723,15.774424,1.000000
1389015207.710859,6040.000000,296871.748033,5442690.750686,-0.963192,1.569978,0.199948,759.308012,690.439840,370.915450,250.909693,704.000000,480.000000,-0.149591,15.746081,1.000000
1389015207.811001,6041.000000,296871.759289,5442690.725178,-0.986535,1.569978,0.199948,759.308012,690.439840,370.915450,250.909693,704.000000,480.000000,-0.146128,15.740639,1.000000
1389015207.910912,6042.000000,296871.770452,5442690.696889,-1.002614,1.569978,0.199948,759.308012,690.439840,370.915450,250.909693,704.000000,480.000000,-0.139758,15.725901,1.000000
1389015208.011760,6043.000000,296871.781711,5442690.668360,-1.019842,1.569978,0.199948,759.308012,690.439840,370.915450,250.909693,704.000000,480.000000,-0.138573,15.717814,1.000000
1389015208.111868,6044.000000,296871.792872,5442690.640078,-1.029760,1.569978,0.199948,759.308012,690.439840,370.915450,250.909693,704.000000,480.000000,-0.141574,15.710355,1.000000
1389015208.211935,6045.000000,296871.804008,5442690.613950,-1.046157,1.569978,0.199948,759.308012,690.439840,370.915450,250.909693,704.000000,480.000000,-0.141677,15.712701,1.000000
1389015208.314994,6046.000000,296871.815448,5442690.590080,-1.064917,1.569978,0.199948,759.308012,690.439840,370.915450,250.909693,704.000000,480.000000,-0.140621,15.734006,1.000000
1389015208.414169,6047.000000,296871.826457,5442690.567110,-1.085075,1.569978,0.199948,759.308012,690.439840,370.915450,250.909693,704.000000,480.000000,-0.136544,15.764759,1.000000
1389015208.512984,6048.000000,296871.837426,5442690.544224,-1.098454,1.569978,0.199948,759.308012,690.439840,370.915450,250.909693,704.000000,480.000000,-0.130251,15.768589,1.000000
1389015208.615165,6049.000000,296871.846477,5442690.518813,-1.105526,1.569978,0.199948,759.308012,690.439840,370.915450,250.909693,704.000000,480.000000,-0.127929,15.772598,1.000000
1389015208.711514,6050.000000,296871.851314,5442690.492037,-1.122480,1.569978,0.199948,759.308012,690.439840,370.915450,250.909693,704.000000,480.000000,-0.120752,15.787559,1.000000
1389015208.811306,6051.000000,296871.858358,5442690.464010,-1.141098,1.569978,0.199948,759.308012,690.439840,370.915450,250.909693,704.000000,480.000000,-0.112403,15.785481,1.000000
1389015208.911628,6052.000000,296871.869722,5442690.435215,-1.154802,1.569978,0.199948,759.308012,690.439840,370.915450,250.909693,704.000000,480.000000,-0.105589,15.696181,1.000000
1389015209.011723,6053.000000,296871.879533,5442690.406721,-1.178409,1.569978,0.199948,759.308012,690.439840,370.915450,250.909693,704.000000,480.000000,-0.110175,15.600668,1.000000
1389015209.111696,6054.000000,296871.886609,5442690.378682,-1.195675,1.569978,0.199948,759.308012,690.439840,370.915450,250.909693,704.000000,480.000000,-0.110944,15.754123,1.000000
1389015209.212291,6055.000000,296871.893729,5442690.350469,-1.208983,1.569978,0.199948,759.308012,690.439840,370.915450,250.909693,704.000000,480.000000,-0.110786,15.747006,1.000000
1389015209.312153,6056.000000,296871.900797,5442690.322462,-1.215865,1.569978,0.199948,759.308012,690.439840,370.915450,250.909693,704.000000,480.000000,-0.105823,15.789724,1.000000
1389015209.412090,6057.000000,296871.907870,5442690.294433,-1.233988,1.569978,0.199948,759.308012,690.439840,370.915450,250.909693,704.000000,480.000000,-0.101393,15.808993,1.000000
1389015209.512407,6058.000000,296871.914970,5442690.266298,-1.250635,1.569978,0.199948,759.308012,690.439840,370.915450,250.909693,704.000000,480.000000,-0.095097,15.808472,1.000000
1389015209.613476,6059.000000,296871.921344,5442690.238166,-1.250496,1.569978,0.199948,759.308012,690.439840,370.915450,250.909693,704.000000,480.000000,-0.089764,15.801478,1.000000
1389015209.712386,6060.000000,296871.926253,5442690.210999,-1.268015,1.569978,0.199948,759.308012,690.439840,370.915450,250.909693,704.000000,480.000000,-0.084355,15.815548,1.000000
1389015209.812587,6061.000000,296871.930302,5442690.183076,-1.283337,1.569978,0.199948,759.308012,690.439840,370.915450,250.909693,704.000000,480.000000,-0.080005,15.825683,1.000000
1389015209.914232,6062.000000,296871.932416,5442690.153886,-1.294040,1.569978,0.199948,759.308012,690.439840,370.915450,250.909693,704.000000,480.000000,-0.078834,15.827091,1.000000
1389015210.012455,6063.000000,296871.934458,5442690.125677,-1.304415,1.569978,0.199948,759.308012,690.439840,370.915450,250.909693,704.000000,480.000000,-0.075735,15.822713,1.000000
1389015210.113127,6064.000000,296871.936551,5442690.096766,-1.316574,1.569978,0.199948,759.308012,690.439840,370.915450,250.909693,704.000000,480.000000,-0.069694,15.799356,1.000000
1389015210.213231,6065.000000,296871.942802,5442690.072265,-1.319186,1.569978,0.199948,759.308012,690.439840,370.915450,250.909693,704.000000,480.000000,-0.066315,15.770373,1.000000
1389015210.313522,6066.000000,296871.954382,5442690.053133,-1.339925,1.569978,0.199948,759.308012,690.439840,370.915450,250.909693,704.000000,480.000000,-0.060920,15.694701,1.000000
1389015210.413905,6067.000000,296871.960220,5442690.030181,-1.357891,1.569978,0.199948,759.308012,690.439840,370.915450,250.909693,704.000000,480.000000,-0.059742,15.469780,1.000000
1389015210.514271,6068.000000,296871.959210,5442690.002706,-1.357965,1.569978,0.199948,759.308012,690.439840,370.915450,250.909693,704.000000,480.000000,-0.073806,15.383780,1.000000
1389015210.614351,6069.000000,296871.960728,5442689.975589,-1.348127,1.569978,0.199948,759.308012,690.439840,370.915450,250.909693,704.000000,480.000000,-0.072610,15.754474,1.000000
1389015210.714183,6070.000000,296871.965548,5442689.948905,-1.356472,1.569978,0.199948,759.308012,690.439840,370.915450,250.909693,704.000000,480.000000,-0.067393,15.792993,1.000000
1389015210.814363,6071.000000,296871.969391,5442689.920023,-1.359332,1.569978,0.199948,759.308012,690.439840,370.915450,250.909693,704.000000,480.000000,-0.062251,15.777378,1.000000
1389015210.914819,6072.000000,296871.971275,5442689.886893,-1.366316,1.569978,0.199948,759.308012,690.439840,370.915450,250.909693,704.000000,480.000000,-0.059578,15.702823,1.000000
1389015211.014245,6073.000000,296871.973139,5442689.854103,-1.379730,1.569978,0.199948,759.308012,690.439840,370.915450,250.909693,704.000000,480.000000,-0.060621,15.600087,1.000000
1389015211.114830,6074.000000,296871.975025,5442689.820930,-1.387916,1.569978,0.199948,759.308012,690.439840,370.915450,250.909693,704.000000,480.000000,-0.043389,15.625684,1.000000
1389015211.215039,6075.000000,296871.978111,5442689.790197,-1.396180,1.569978,0.199948,759.308012,690.439840,370.915450,250.909693,704.000000,480.000000,-0.026940,15.638506,1.000000
1389015211.315292,6076.000000,296871.983031,5442689.762966,-1.399838,1.569978,0.199948,759.308012,690.439840,370.915450,250.909693,704.000000,480.000000,-0.016381,15.714091,1.000000
1389015211.414876,6077.000000,296871.988039,5442689.735244,-1.406127,1.569978,0.199948,759.308012,690.439840,370.915450,250.909693,704.000000,480.000000,-0.005729,15.727508,1.000000
1389015211.515501,6078.000000,296871.993344,5442689.705884,-1.408943,1.569978,0.199948,759.308012,690.439840,370.915450,250.909693,704.000000,480.000000,-0.002430,15.690365,1.000000
1389015211.615629,6079.000000,296871.998323,5442689.673782,-1.419553,1.569978,0.199948,759.308012,690.439840,370.915450,250.909693,704.000000,480.000000,0.000068,15.590868,1.000000
1389015211.716129,6080.000000,296872.002908,5442689.637575,-1.415967,1.569978,0.199948,759.308012,690.439840,370.915450,250.909693,704.000000,480.000000,-0.006098,15.721414,1.000000
1389015211.816955,6081.000000,296872.007658,5442689.602286,-1.414906,1.569978,0.199948,759.308012,690.439840,370.915450,250.909693,704.000000,480.000000,-0.001262,15.750783,1.000000
1389015211.914732,6082.000000,296872.012521,5442689.569829,-1.413171,1.569978,0.199948,759.308012,690.439840,370.915450,250.909693,704.000000,480.000000,-0.000089,15.755918,1.000000
1389015212.014878,6083.000000,296872.017501,5442689.536586,-1.414377,1.569978,0.199948,759.308012,690.439840,370.915450,250.909693,704.000000,480.000000,0.001060,15.757167,1.000000
1389015212.114807,6084.000000,296872.022471,5442689.503414,-1.417748,1.569978,0.199948,759.308012,690.439840,370.915450,250.909693,704.000000,480.000000,-0.000967,15.747904,1.000000
1389015212.215066,6085.000000,296872.027356,5442689.470033,-1.414883,1.569978,0.199948,759.308012,690.439840,370.915450,250.909693,704.000000,480.000000,0.001135,15.735500,1.000000
1389015212.315387,6086.000000,296872.032098,5442689.436490,-1.411224,1.569978,0.199948,759.308012,690.439840,370.915450,250.909693,704.000000,480.000000,0.003101,15.676717,1.000000
1389015212.415213,6087.000000,296872.036818,5442689.403111,-1.423299,1.569978,0.199948,759.308012,690.439840,370.915450,250.909693,704.000000,480.000000,-0.006725,15.589274,1.000000
1389015212.515253,6088.000000,296872.041547,5442689.369662,-1.409874,1.569978,0.199948,759.308012,690.439840,370.915450,250.909693,704.000000,480.000000,-0.009566,15.715932,1.000000
1389015212.615695,6089.000000,296872.046296,5442689.336077,-1.407029,1.569978,0.199948,759.308012,690.439840,370.915450,250.909693,704.000000,480.000000,-0.008774,15.743578,1.000000
1389015212.715966,6090.000000,296872.051036,5442689.302550,-1.405567,1.569978,0.199948,759.308012,690.439840,370.915450,250.909693,704.000000,480.000000,-0.005431,15.750439,1.000000
1389015212.815609,6091.000000,296872.053990,5442689.267499,-1.403028,1.569978,0.199948,759.308012,690.439840,370.915450,250.909693,704.000000,480.000000,-0.005162,15.750159,1.000000
1389015212.915940,6092.000000,296872.052532,5442689.227837,-1.416041,1.569978,0.199948,759.308012,690.439840,370.915450,250.909693,704.000000,480.000000,-0.005323,15.692849,1.000000
1389015213.016029,6093.000000,296872.053685,5442689.191260,-1.411259,1.569978,0.199948,759.308012,690.439840,370.915450,250.909693,704.000000,480.000000,-0.018667,15.610909,1.000000
1389015213.117605,6094.000000,296872.058603,5442689.158436,-1.410196,1.569978,0.199948,759.308012,690.439840,370.915450,250.909693,704.000000,480.000000,-0.016242,15.755446,1.000000
1389015213.216282,6095.000000,296872.063380,5442689.126549,-1.408900,1.569978,0.199948,759.308012,690.439840,370.915450,250.909693,704.000000,480.000000,-0.009960,15.718974,1.000000
1389015213.316580,6096.000000,296872.068235,5442689.094139,-1.412873,1.569978,0.199948,759.308012,690.439840,370.915450,250.909693,704.000000,480.000000,-0.013410,15.574025,1.000000
1389015213.416329,6097.000000,296872.073154,5442689.063487,-1.405817,1.569978,0.199948,759.308012,690.439840,370.915450,250.909693,704.000000,480.000000,-0.023036,15.724872,1.000000
1389015213.518921,6098.000000,296872.078365,5442689.034642,-1.405436,1.569978,0.199948,759.308012,690.439840,370.915450,250.909693,704.000000,480.000000,-0.023513,15.730927,1.000000
1389015213.619900,6099.000000,296872.083328,5442689.002529,-1.411658,1.569978,0.199948,759.308012,690.439840,370.915450,250.909693,704.000000,480.000000,-0.016358,15.631907,1.000000
1389015213.720577,6100.000000,296872.088044,5442688.965295,-1.418624,1.569978,0.199948,759.308012,690.439840,370.915450,250.909693,704.000000,480.000000,-0.010610,15.581756,1.000000
1389015213.818010,6101.000000,296872.093828,5442688.931014,-1.421335,1.569978,0.199948,759.308012,690.439840,370.915450,250.909693,704.000000,480.000000,-0.007723,15.746307,1.000000
1389015213.917928,6102.000000,296872.101675,5442688.898608,-1.421330,1.569978,0.199948,759.308012,690.439840,370.915450,250.909693,704.000000,480.000000,-0.003472,15.759238,1.000000
1389015214.016575,6103.000000,296872.109422,5442688.866615,-1.414595,1.569978,0.199948,759.308012,690.439840,370.915450,250.909693,704.000000,480.000000,-0.000187,15.708413,1.000000
1389015214.116661,6104.000000,296872.117282,5442688.834155,-1.412825,1.569978,0.199948,759.308012,690.439840,370.915450,250.909693,704.000000,480.000000,-0.011227,15.593971,1.000000
1389015214.216676,6105.000000,296872.124273,5442688.802827,-1.414979,1.569978,0.199948,759.308012,690.439840,370.915450,250.909693,704.000000,480.000000,-0.014805,15.738444,1.000000
1389015214.316957,6106.000000,296872.129544,5442688.773653,-1.412922,1.569978,0.199948,759.308012,690.439840,370.915450,250.909693,704.000000,480.000000,-0.009951,15.707200,1.000000
1389015214.416991,6107.000000,296872.134592,5442688.741122,-1.419361,1.569978,0.199948,759.308012,690.439840,370.915450,250.909693,704.000000,480.000000,0.004647,15.619047,1.000000
1389015214.517152,6108.000000,296872.139343,5442688.703605,-1.422442,1.569978,0.199948,759.308012,690.439840,370.915450,250.909693,704.000000,480.000000,0.003616,15.564137,1.000000
1389015214.617213,6109.000000,296872.144074,5442688.666248,-1.423733,1.569978,0.199948,759.308012,690.439840,370.915450,250.909693,704.000000,480.000000,-0.002983,15.682252,1.000000
1389015214.717230,6110.000000,296872.148781,5442688.629077,-1.419724,1.569978,0.199948,759.308012,690.439840,370.915450,250.909693,704.000000,480.000000,-0.000184,15.729778,1.000000
%t_sec,seq,x,y,theta,pan,tilt,fx,fy,cx,cy,width,height,omega,battery,rc -- /home/cedricp/Bags/140106_around_the_lake_auto/2014-01-06-08-33-34_3.bag
1389015214.822833,6111.000000,296872.155251,5442688.592009,-1.421460,1.569978,0.199948,759.308012,690.439840,370.915450,250.909693,704.000000,480.000000,0.002033,15.751103,1.000000
1389015214.917803,6112.000000,296872.162736,5442688.561098,-1.422467,1.569978,0.199948,759.308012,690.439840,370.915450,250.909693,704.000000,480.000000,0.006280,15.744344,1.000000
1389015215.017756,6113.000000,296872.170614,5442688.528564,-1.426287,1.569978,0.199948,759.308012,690.439840,370.915450,250.909693,704.000000,480.000000,0.006310,15.736167,1.000000
1389015215.117815,6114.000000,296872.178500,5442688.495996,-1.422212,1.569978,0.199948,759.308012,690.439840,370.915450,250.909693,704.000000,480.000000,0.009401,15.709674,1.000000
1389015215.217900,6115.000000,296872.187568,5442688.461386,-1.423408,1.569978,0.199948,759.308012,690.439840,370.915450,250.909693,704.000000,480.000000,0.001616,15.631673,1.000000
1389015215.324191,6116.000000,296872.199099,5442688.421358,-1.421914,1.569978,0.199948,759.308012,690.439840,370.915450,250.909693,704.000000,480.000000,-0.007065,15.710325,1.000000
1389015215.417853,6117.000000,296872.206776,5442688.386214,-1.409310,1.569978,0.199948,759.308012,690.439840,370.915450,250.909693,704.000000,480.000000,-0.008430,15.765265,1.000000
1389015215.520766,6118.000000,296872.211643,5442688.347784,-1.414512,1.569978,0.199948,759.308012,690.439840,370.915450,250.909693,704.000000,480.000000,-0.009579,15.742413,1.000000
1389015215.618150,6119.000000,296872.216248,5442688.311419,-1.416685,1.569978,0.199948,759.308012,690.439840,370.915450,250.909693,704.000000,480.000000,-0.008528,15.537352,1.000000
1389015215.718250,6120.000000,296872.220981,5442688.274040,-1.425347,1.569978,0.199948,759.308012,690.439840,370.915450,250.909693,704.000000,480.000000,-0.018280,15.301142,1.000000
1389015215.818450,6121.000000,296872.228283,5442688.240760,-1.424029,1.569978,0.199948,759.308012,690.439840,370.915450,250.909693,704.000000,480.000000,-0.032592,15.676316,1.000000
1389015215.918411,6122.000000,296872.239122,5442688.213294,-1.422331,1.569978,0.199948,759.308012,690.439840,370.915450,250.909693,704.000000,480.000000,-0.032044,15.745804,1.000000
1389015216.018335,6123.000000,296872.247794,5442688.181815,-1.422781,1.569978,0.199948,759.308012,690.439840,370.915450,250.909693,704.000000,480.000000,-0.029842,15.740455,1.000000
1389015216.118735,6124.000000,296872.252696,5442688.143100,-1.429369,1.569978,0.199948,759.308012,690.439840,370.915450,250.909693,704.000000,480.000000,-0.036903,15.640256,1.000000
1389015216.218835,6125.000000,296872.257501,5442688.105162,-1.431066,1.569978,0.199948,759.308012,690.439840,370.915450,250.909693,704.000000,480.000000,-0.045661,15.677538,1.000000
1389015216.319242,6126.000000,296872.262211,5442688.067971,-1.430198,1.569978,0.199948,759.308012,690.439840,370.915450,250.909693,704.000000,480.000000,-0.041901,15.760708,1.000000
1389015216.418977,6127.000000,296872.266934,5442688.030676,-1.425717,1.569978,0.199948,759.308012,690.439840,370.915450,250.909693,704.000000,480.000000,-0.035283,15.771550,1.000000
1389015216.518999,6128.000000,296872.271731,5442687.992794,-1.423801,1.569978,0.199948,759.308012,690.439840,370.915450,250.909693,704.000000,480.000000,-0.034188,15.723757,1.000000
1389015216.618984,6129.000000,296872.276551,5442687.957432,-1.441648,1.569978,0.199948,759.308012,690.439840,370.915450,250.909693,704.000000,480.000000,-0.042952,15.669289,1.000000
1389015216.719691,6130.000000,296872.281435,5442687.924833,-1.435455,1.569978,0.199948,759.308012,690.439840,370.915450,250.909693,704.000000,480.000000,-0.049771,15.723543,1.000000
1389015216.819968,6131.000000,296872.286298,5442687.892373,-1.426990,1.569978,0.199948,759.308012,690.439840,370.915450,250.909693,704.000000,480.000000,-0.050147,15.757226,1.000000
1389015216.919466,6132.000000,296872.291123,5442687.860165,-1.432593,1.569978,0.199948,759.308012,690.439840,370.915450,250.909693,704.000000,480.000000,-0.046081,15.757577,1.000000
1389015217.019650,6133.000000,296872.295962,5442687.825354,-1.442090,1.569978,0.199948,759.308012,690.439840,370.915450,250.909693,704.000000,480.000000,-0.045807,15.751350,1.000000
1389015217.120301,6134.000000,296872.300796,5442687.787179,-1.442332,1.569978,0.199948,759.308012,690.439840,370.915450,250.909693,704.000000,480.000000,-0.045805,15.738563,1.000000
1389015217.220283,6135.000000,296872.305523,5442687.749851,-1.443364,1.569978,0.199948,759.308012,690.439840,370.915450,250.909693,704.000000,480.000000,-0.050930,15.732928,1.000000
1389015217.320150,6136.000000,296872.310160,5442687.713236,-1.449543,1.569978,0.199948,759.308012,690.439840,370.915450,250.909693,704.000000,480.000000,-0.053164,15.740110,1.000000
1389015217.419742,6137.000000,296872.315009,5442687.680196,-1.453361,1.569978,0.199948,759.308012,690.439840,370.915450,250.909693,704.000000,480.000000,-0.053262,15.735398,1.000000
1389015217.520079,6138.000000,296872.320193,5442687.651503,-1.467694,1.569978,0.199948,759.308012,690.439840,370.915450,250.909693,704.000000,480.000000,-0.052122,15.697649,1.000000
1389015217.620326,6139.000000,296872.323782,5442687.621060,-1.474481,1.569978,0.199948,759.308012,690.439840,370.915450,250.909693,704.000000,480.000000,-0.052441,15.750695,1.000000
1389015217.719983,6140.000000,296872.325613,5442687.588857,-1.472005,1.569978,0.199948,759.308012,690.439840,370.915450,250.909693,704.000000,480.000000,-0.047074,15.787358,1.000000
1389015217.820171,6141.000000,296872.327454,5442687.556482,-1.476579,1.569978,0.199948,759.308012,690.439840,370.915450,250.909693,704.000000,480.000000,-0.043862,15.785792,1.000000
1389015217.920254,6142.000000,296872.329293,5442687.524141,-1.482700,1.569978,0.199948,759.308012,690.439840,370.915450,250.909693,704.000000,480.000000,-0.042700,15.777765,1.000000
1389015218.021300,6143.000000,296872.332458,5442687.489361,-1.486015,1.569978,0.199948,759.308012,690.439840,370.915450,250.909693,704.000000,480.000000,-0.041634,15.753899,1.000000
1389015218.120356,6144.000000,296872.337091,5442687.452775,-1.484383,1.569978,0.199948,759.308012,690.439840,370.915450,250.909693,704.000000,480.000000,-0.040569,15.649958,1.000000
1389015218.220938,6145.000000,296872.341795,5442687.415625,-1.501293,1.569978,0.199948,759.308012,690.439840,370.915450,250.909693,704.000000,480.000000,-0.048368,15.599715,1.000000
1389015218.320936,6146.000000,296872.346472,5442687.378691,-1.501523,1.569978,0.199948,759.308012,690.439840,370.915450,250.909693,704.000000,480.000000,-0.050136,15.748253,1.000000
1389015218.421423,6147.000000,296872.348619,5442687.341909,-1.518008,1.569978,0.199948,759.308012,690.439840,370.915450,250.909693,704.000000,480.000000,-0.044941,15.761871,1.000000
1389015218.522882,6148.000000,296872.347271,5442687.305230,-1.524261,1.569978,0.199948,759.308012,690.439840,370.915450,250.909693,704.000000,480.000000,-0.041568,15.747137,1.000000
1389015218.621001,6149.000000,296872.347145,5442687.271144,-1.524413,1.569978,0.199948,759.308012,690.439840,370.915450,250.909693,704.000000,480.000000,-0.043496,15.733901,1.000000
1389015218.723602,6150.000000,296872.349037,5442687.237880,-1.526575,1.569978,0.199948,759.308012,690.439840,370.915450,250.909693,704.000000,480.000000,-0.044567,15.662508,1.000000
1389015218.824443,6151.000000,296872.350895,5442687.205188,-1.536780,1.569978,0.199948,759.308012,690.439840,370.915450,250.909693,704.000000,480.000000,-0.042786,15.520482,1.000000
1389015218.923223,6152.000000,296872.352716,5442687.173163,-1.541129,1.569978,0.199948,759.308012,690.439840,370.915450,250.909693,704.000000,480.000000,-0.050745,15.548057,1.000000
1389015219.021628,6153.000000,296872.355646,5442687.143170,-1.538417,1.569978,0.199948,759.308012,690.439840,370.915450,250.909693,704.000000,480.000000,-0.049095,15.746869,1.000000
1389015219.121493,6154.000000,296872.360549,5442687.116032,-1.531471,1.569978,0.199948,759.308012,690.439840,370.915450,250.909693,704.000000,480.000000,-0.046887,15.757841,1.000000
1389015219.221874,6155.000000,296872.363542,5442687.085123,-1.544672,1.569978,0.199948,759.308012,690.439840,370.915450,250.909693,704.000000,480.000000,-0.045812,15.676899,1.000000
1389015219.321596,6156.000000,296872.362110,5442687.046156,-1.552146,1.569978,0.199948,759.308012,690.439840,370.915450,250.909693,704.000000,480.000000,-0.051660,15.580485,1.000000
1389015219.421726,6157.000000,296872.362023,5442687.009473,-1.562875,1.569978,0.199948,759.308012,690.439840,370.915450,250.909693,704.000000,480.000000,-0.051217,15.752829,1.000000
1389015219.521594,6158.000000,296872.363901,5442686.976443,-1.576137,1.569978,0.199948,759.308012,690.439840,370.915450,250.909693,704.000000,480.000000,-0.043891,15.767073,1.000000
1389015219.588710,6159.000000,296872.365163,5442686.954246,-1.572255,1.569978,0.199948,759.308012,690.439840,370.915450,250.909693,704.000000,480.000000,-0.041741,15.765863,1.000000
1389015219.688895,6160.000000,296872.367047,5442686.921111,-1.576045,1.569978,0.199948,759.308012,690.439840,370.915450,250.909693,704.000000,480.000000,-0.038535,15.756244,1.000000
1389015219.789304,6161.000000,296872.368502,5442686.888654,-1.581356,1.569978,0.199948,759.308012,690.439840,370.915450,250.909693,704.000000,480.000000,-0.042498,15.555169,1.000000
1389015219.888948,6162.000000,296872.367477,5442686.860739,-1.584271,1.569978,0.199948,759.308012,690.439840,370.915450,250.909693,704.000000,480.000000,-0.050988,15.721920,1.000000
1389015219.996874,6163.000000,296872.366294,5442686.828549,-1.595596,1.569978,0.199948,759.308012,690.439840,370.915450,250.909693,704.000000,480.000000,-0.049178,15.776559,1.000000
1389015220.088997,6164.000000,296872.365071,5442686.795265,-1.591929,1.569978,0.199948,759.308012,690.439840,370.915450,250.909693,704.000000,480.000000,-0.036882,15.788619,1.000000
1389015220.189878,6165.000000,296872.364136,5442686.759761,-1.602800,1.569978,0.199948,759.308012,690.439840,370.915450,250.909693,704.000000,480.000000,-0.033130,15.520290,1.000000
1389015220.289106,6166.000000,296872.366165,5442686.731729,-1.604357,1.569978,0.199948,759.308012,690.439840,370.915450,250.909693,704.000000,480.000000,-0.049373,15.552219,1.000000
1389015220.389398,6167.000000,296872.368216,5442686.703397,-1.603720,1.569978,0.199948,759.308012,690.439840,370.915450,250.909693,704.000000,480.000000,-0.054210,15.742544,1.000000
1389015220.489193,6168.000000,296872.370257,5442686.675204,-1.598124,1.569978,0.199948,759.308012,690.439840,370.915450,250.909693,704.000000,480.000000,-0.051153,15.761404,1.000000
1389015220.589617,6169.000000,296872.371799,5442686.646914,-1.598317,1.569978,0.199948,759.308012,690.439840,370.915450,250.909693,704.000000,480.000000,-0.045843,15.700714,1.000000
1389015220.689656,6170.000000,296872.370778,5442686.619128,-1.612474,1.569978,0.199948,759.308012,690.439840,370.915450,250.909693,704.000000,480.000000,-0.052882,15.593770,1.000000
1389015220.789538,6171.000000,296872.369758,5442686.591385,-1.622184,1.569978,0.199948,759.308012,690.439840,370.915450,250.909693,704.000000,480.000000,-0.046427,15.638316,1.000000
1389015220.889986,6172.000000,296872.368733,5442686.563484,-1.633249,1.569978,0.199948,759.308012,690.439840,370.915450,250.909693,704.000000,480.000000,-0.028400,15.696615,1.000000
1389015220.989701,6173.000000,296872.367719,5442686.535881,-1.645379,1.569978,0.199948,759.308012,690.439840,370.915450,250.909693,704.000000,480.000000,-0.022411,15.522458,1.000000
1389015221.090191,6174.000000,296872.366714,5442686.508531,-1.643916,1.569978,0.199948,759.308012,690.439840,370.915450,250.909693,704.000000,480.000000,-0.027495,15.694673,1.000000
1389015221.190733,6175.000000,296872.365681,5442686.480418,-1.648222,1.569978,0.199948,759.308012,690.439840,370.915450,250.909693,704.000000,480.000000,-0.025742,15.731110,1.000000
1389015221.290218,6176.000000,296872.364483,5442686.447803,-1.651371,1.569978,0.199948,759.308012,690.439840,370.915450,250.909693,704.000000,480.000000,-0.019465,15.731579,1.000000
1389015221.391140,6177.000000,296872.363267,5442686.414717,-1.655097,1.569978,0.199948,759.308012,690.439840,370.915450,250.909693,704.000000,480.000000,-0.013968,15.737235,1.000000
1389015221.490217,6178.000000,296872.362073,5442686.382236,-1.659205,1.569978,0.199948,759.308012,690.439840,370.915450,250.909693,704.000000,480.000000,-0.009781,15.726863,1.000000
1389015221.590624,6179.000000,296872.360836,5442686.348564,-1.663023,1.569978,0.199948,759.308012,690.439840,370.915450,250.909693,704.000000,480.000000,-0.008611,15.727726,1.000000
1389015221.690767,6180.000000,296872.359474,5442686.311490,-1.661556,1.569978,0.199948,759.308012,690.439840,370.915450,250.909693,704.000000,480.000000,-0.008603,15.728597,1.000000
1389015221.790820,6181.000000,296872.358112,5442686.274448,-1.657812,1.569978,0.199948,759.308012,690.439840,370.915450,250.909693,704.000000,480.000000,-0.010555,15.746803,1.000000
1389015221.890856,6182.000000,296872.356752,5442686.237413,-1.665772,1.569978,0.199948,759.308012,690.439840,370.915450,250.909693,704.000000,480.000000,-0.008617,15.750293,1.000000
1389015221.991044,6183.000000,296872.355453,5442686.202060,-1.665576,1.569978,0.199948,759.308012,690.439840,370.915450,250.909693,704.000000,480.000000,-0.008521,15.745813,1.000000
1389015222.091208,6184.000000,296872.354447,5442686.174694,-1.661088,1.569978,0.199948,759.308012,690.439840,370.915450,250.909693,704.000000,480.000000,-0.007463,15.746483,1.000000
1389015222.191025,6185.000000,296872.353098,5442686.146013,-1.661723,1.569978,0.199948,759.308012,690.439840,370.915450,250.909693,704.000000,480.000000,-0.007374,15.742560,1.000000
1389015222.291751,6186.000000,296872.349678,5442686.108695,-1.659821,1.569978,0.199948,759.308012,690.439840,370.915450,250.909693,704.000000,480.000000,-0.006561,15.724902,1.000000
1389015222.391053,6187.000000,296872.346307,5442686.071904,-1.661992,1.569978,0.199948,759.308012,690.439840,370.915450,250.909693,704.000000,480.000000,-0.005498,15.732329,1.000000
1389015222.493170,6188.000000,296872.342839,5442686.034071,-1.659580,1.569978,0.199948,759.308012,690.439840,370.915450,250.909693,704.000000,480.000000,-0.003211,15.734165,1.000000
1389015222.592165,6189.000000,296872.339478,5442685.997395,-1.661290,1.569978,0.199948,759.308012,690.439840,370.915450,250.909693,704.000000,480.000000,-0.005147,15.735698,1.000000
1389015222.691839,6190.000000,296872.336094,5442685.960466,-1.657791,1.569978,0.199948,759.308012,690.439840,370.915450,250.909693,704.000000,480.000000,-0.007358,15.732774,1.000000
1389015222.791535,6191.000000,296872.333037,5442685.923489,-1.660664,1.569978,0.199948,759.308012,690.439840,370.915450,250.909693,704.000000,480.000000,-0.006479,15.752950,1.000000
1389015222.891653,6192.000000,296872.331664,5442685.886142,-1.659135,1.569978,0.199948,759.308012,690.439840,370.915450,250.909693,704.000000,480.000000,-0.003382,15.747195,1.000000
1389015222.992233,6193.000000,296872.330353,5442685.850456,-1.665064,1.569978,0.199948,759.308012,690.439840,370.915450,250.909693,704.000000,480.000000,-0.005394,15.740323,1.000000
1389015223.091689,6194.000000,296872.329357,5442685.823337,-1.667876,1.569978,0.199948,759.308012,690.439840,370.915450,250.909693,704.000000,480.000000,-0.006138,15.742968,1.000000
1389015223.192695,6195.000000,296872.328290,5442685.794314,-1.666339,1.569978,0.199948,759.308012,690.439840,370.915450,250.909693,704.000000,480.000000,-0.008422,15.739574,1.000000
1389015223.292994,6196.000000,296872.326919,5442685.756994,-1.662667,1.569978,0.199948,759.308012,690.439840,370.915450,250.909693,704.000000,480.000000,-0.007537,15.742721,1.000000
1389015223.393113,6197.000000,296872.325550,5442685.719741,-1.655756,1.569978,0.199948,759.308012,690.439840,370.915450,250.909693,704.000000,480.000000,-0.006481,15.733803,1.000000
1389015223.492761,6198.000000,296872.324187,5442685.682663,-1.657957,1.569978,0.199948,759.308012,690.439840,370.915450,250.909693,704.000000,480.000000,-0.007449,15.729418,1.000000
1389015223.593073,6199.000000,296872.322816,5442685.645338,-1.660019,1.569978,0.199948,759.308012,690.439840,370.915450,250.909693,704.000000,480.000000,-0.005422,15.728475,1.000000
1389015223.693352,6200.000000,296872.321445,5442685.608025,-1.659893,1.569978,0.199948,759.308012,690.439840,370.915450,250.909693,704.000000,480.000000,-0.006384,15.739745,1.000000
1389015223.793003,6201.000000,296872.320623,5442685.570988,-1.659289,1.569978,0.199948,759.308012,690.439840,370.915450,250.909693,704.000000,480.000000,-0.007367,15.744106,1.000000
1389015223.893394,6202.000000,296872.322300,5442685.533866,-1.661195,1.569978,0.199948,759.308012,690.439840,370.915450,250.909693,704.000000,480.000000,-0.007538,15.747291,1.000000
1389015223.993495,6203.000000,296872.323973,5442685.496851,-1.657231,1.569978,0.199948,759.308012,690.439840,370.915450,250.909693,704.000000,480.000000,-0.009573,15.742744,1.000000
