%kf,t,x,y,theta,xg,yg,thetag
0,1389015182.645,-3.386630e-05,-5.356799e-03,7.403287e-03,-8.091733e+00,6.723926e+01,-1.946358e+00
0,1389015182.683,9.065154e-03,-4.644292e-03,4.224891e-03,-8.094472e+00,6.723056e+01,-1.949536e+00
0,1389015182.722,1.833205e-02,-3.918640e-03,9.878557e-04,-8.097262e+00,6.722169e+01,-1.952773e+00
0,1389015182.763,2.783716e-02,-3.600104e-03,-1.778398e-03,-8.100518e+00,6.721275e+01,-1.955539e+00
0,1389015182.805,3.733620e-02,-3.850540e-03,-3.802828e-03,-8.104300e+00,6.720404e+01,-1.957564e+00
0,1389015182.847,4.683525e-02,-4.131913e-03,-5.786725e-03,-8.108111e+00,6.719533e+01,-1.959548e+00
0,1389015182.885,5.526940e-02,-5.187755e-03,-6.492256e-03,-8.112242e+00,6.718790e+01,-1.960253e+00
0,1389015182.925,6.387517e-02,-6.265081e-03,-7.212143e-03,-8.116457e+00,6.718032e+01,-1.960973e+00
0,1389015182.965,7.251205e-02,-7.721911e-03,-7.438138e-03,-8.121035e+00,6.717286e+01,-1.961199e+00
0,1389015183.005,8.092246e-02,-9.534769e-03,-7.137107e-03,-8.125860e+00,6.716573e+01,-1.960898e+00
0,1389015183.049,9.009827e-02,-1.156791e-02,-6.734676e-03,-8.131174e+00,6.715798e+01,-1.960496e+00
0,1389015183.070,9.448350e-02,-1.286037e-02,-6.113076e-03,-8.134012e+00,6.715440e+01,-1.959874e+00
0,1389015183.090,9.859263e-02,-1.407145e-02,-5.530609e-03,-8.136670e+00,6.715104e+01,-1.959292e+00
0,1389015183.127,1.060338e-01,-1.626459e-02,-4.475831e-03,-8.141485e+00,6.714495e+01,-1.958237e+00
0,1389015183.166,1.139733e-01,-1.887807e-02,-2.977666e-03,-8.146876e+00,6.713857e+01,-1.956739e+00
0,1389015183.206,1.219274e-01,-2.174196e-02,-1.142002e-03,-8.152505e+00,6.713226e+01,-1.954903e+00
0,1389015183.290,1.384103e-01,-2.810623e-02,3.266104e-03,-8.164567e+00,6.711935e+01,-1.950495e+00
0,1389015183.328,1.457347e-01,-3.110241e-02,5.461360e-03,-8.170083e+00,6.711367e+01,-1.948300e+00
0,1389015183.409,1.612911e-01,-3.784005e-02,1.068653e-02,-8.182146e+00,6.710176e+01,-1.943074e+00
0,1389015183.449,1.690369e-01,-4.125444e-02,1.338153e-02,-8.188207e+00,6.709585e+01,-1.940379e+00
0,1389015183.470,1.729852e-01,-4.303417e-02,1.483231e-02,-8.191334e+00,6.709286e+01,-1.938929e+00
0,1389015183.489,1.767479e-01,-4.473029e-02,1.621493e-02,-8.194313e+00,6.709000e+01,-1.937546e+00
0,1389015183.529,1.843654e-01,-4.816401e-02,1.901399e-02,-8.200344e+00,6.708422e+01,-1.934747e+00
0,1389015183.570,1.920867e-01,-5.160041e-02,2.183200e-02,-8.206417e+00,6.707834e+01,-1.931929e+00
0,1389015183.612,2.001444e-01,-5.515718e-02,2.476005e-02,-8.212727e+00,6.707219e+01,-1.929001e+00
0,1389015183.651,2.075411e-01,-5.839435e-02,2.742089e-02,-8.218494e+00,6.706654e+01,-1.926340e+00
0,1389015183.700,2.168699e-01,-6.227713e-02,3.058276e-02,-8.225581e+00,6.705934e+01,-1.923178e+00
0,1389015183.731,2.229714e-01,-6.481670e-02,3.265081e-02,-8.230217e+00,6.705463e+01,-1.921110e+00
0,1389015183.774,2.311786e-01,-6.809233e-02,3.528781e-02,-8.236322e+00,6.704824e+01,-1.918473e+00
0,1389015183.813,2.386208e-01,-7.100279e-02,3.761732e-02,-8.241802e+00,6.704243e+01,-1.916144e+00
0,1389015183.852,2.462410e-01,-7.395224e-02,3.996959e-02,-8.247386e+00,6.703646e+01,-1.913791e+00
0,1389015183.894,2.542919e-01,-7.692570e-02,4.230133e-02,-8.253152e+00,6.703010e+01,-1.911460e+00
0,1389015183.933,2.618539e-01,-7.971859e-02,4.449147e-02,-8.258568e+00,6.702413e+01,-1.909270e+00
0,1389015183.975,2.698908e-01,-8.257966e-02,4.669744e-02,-8.264225e+00,6.701775e+01,-1.907064e+00
0,1389015184.014,2.773065e-01,-8.518112e-02,4.868922e-02,-8.269409e+00,6.701184e+01,-1.905072e+00
0,1389015184.054,2.849905e-01,-8.785168e-02,5.072256e-02,-8.274758e+00,6.700571e+01,-1.903038e+00
0,1389015184.101,2.941796e-01,-9.093358e-02,5.301784e-02,-8.281050e+00,6.699834e+01,-1.900743e+00
0,1389015184.136,3.007314e-01,-9.313093e-02,5.465435e-02,-8.285537e+00,6.699308e+01,-1.899107e+00
0,1389015184.176,3.083859e-01,-9.562618e-02,5.646938e-02,-8.290711e+00,6.698692e+01,-1.897292e+00
0,1389015184.216,3.160459e-01,-9.810026e-02,5.825480e-02,-8.295868e+00,6.698074e+01,-1.895506e+00
0,1389015184.256,3.237243e-01,-1.005613e-01,6.001484e-02,-8.301020e+00,6.697453e+01,-1.893746e+00
0,1389015184.296,3.313891e-01,-1.029647e-01,6.168896e-02,-8.306114e+00,6.696832e+01,-1.892072e+00
0,1389015184.336,3.389468e-01,-1.053346e-01,6.333968e-02,-8.311136e+00,6.696220e+01,-1.890421e+00
0,1389015184.377,3.466266e-01,-1.077046e-01,6.494161e-02,-8.316204e+00,6.695596e+01,-1.888819e+00
0,1389015184.416,3.540834e-01,-1.099950e-01,6.647566e-02,-8.321115e+00,6.694990e+01,-1.887285e+00
0,1389015184.457,3.616250e-01,-1.123041e-01,6.800411e-02,-8.326075e+00,6.694377e+01,-1.885757e+00
0,1389015184.499,3.694262e-01,-1.146736e-01,6.952509e-02,-8.331188e+00,6.693742e+01,-1.884236e+00
0,1389015184.537,3.766251e-01,-1.168603e-01,7.092866e-02,-8.335906e+00,6.693155e+01,-1.882832e+00
0,1389015184.577,3.839785e-01,-1.190922e-01,7.231022e-02,-8.340724e+00,6.692557e+01,-1.881451e+00
0,1389015184.618,3.913698e-01,-1.213351e-01,7.368614e-02,-8.345567e+00,6.691955e+01,-1.880075e+00
0,1389015184.658,3.986846e-01,-1.235595e-01,7.503175e-02,-8.350363e+00,6.691360e+01,-1.878729e+00
0,1389015184.699,4.061146e-01,-1.258292e-01,7.636311e-02,-8.355245e+00,6.690755e+01,-1.877398e+00
0,1389015184.738,4.131893e-01,-1.279903e-01,7.763079e-02,-8.359893e+00,6.690180e+01,-1.876130e+00
0,1389015184.783,4.210510e-01,-1.304008e-01,7.900362e-02,-8.365067e+00,6.689541e+01,-1.874757e+00
0,1389015184.819,4.275945e-01,-1.324085e-01,8.014079e-02,-8.369374e+00,6.689009e+01,-1.873620e+00
0,1389015184.860,4.347340e-01,-1.345991e-01,8.137194e-02,-8.374074e+00,6.688428e+01,-1.872389e+00
0,1389015184.900,4.419114e-01,-1.368014e-01,8.259211e-02,-8.378799e+00,6.687845e+01,-1.871169e+00
0,1389015184.942,4.492827e-01,-1.390631e-01,8.384523e-02,-8.383651e+00,6.687246e+01,-1.869916e+00
0,1389015184.982,4.562199e-01,-1.411831e-01,8.501129e-02,-8.388210e+00,6.686681e+01,-1.868750e+00
0,1389015185.023,4.634850e-01,-1.434024e-01,8.623123e-02,-8.392983e+00,6.686090e+01,-1.867530e+00
0,1389015185.063,4.705159e-01,-1.455416e-01,8.741083e-02,-8.397594e+00,6.685518e+01,-1.866350e+00
0,1389015185.102,4.774023e-01,-1.476264e-01,8.856493e-02,-8.402101e+00,6.684957e+01,-1.865196e+00
0,1389015185.146,4.850151e-01,-1.499307e-01,8.984092e-02,-8.407083e+00,6.684337e+01,-1.863920e+00
0,1389015185.191,4.929540e-01,-1.523017e-01,9.118282e-02,-8.412249e+00,6.683690e+01,-1.862578e+00
0,1389015185.227,4.993241e-01,-1.542043e-01,9.225956e-02,-8.416394e+00,6.683170e+01,-1.861501e+00
0,1389015185.264,5.058302e-01,-1.561295e-01,9.336989e-02,-8.420611e+00,6.682638e+01,-1.860391e+00
0,1389015185.288,5.100376e-01,-1.573635e-01,9.409439e-02,-8.423328e+00,6.682294e+01,-1.859667e+00
0,1389015185.313,5.145589e-01,-1.586896e-01,9.487296e-02,-8.426248e+00,6.681924e+01,-1.858888e+00
0,1389015185.349,5.208910e-01,-1.605421e-01,9.596675e-02,-8.430332e+00,6.681406e+01,-1.857794e+00
0,1389015185.391,5.283159e-01,-1.626711e-01,9.728118e-02,-8.435081e+00,6.680797e+01,-1.856480e+00
0,1389015185.429,5.351232e-01,-1.646230e-01,9.848629e-02,-8.439435e+00,6.680239e+01,-1.855275e+00
0,1389015185.465,5.417615e-01,-1.664982e-01,9.968500e-02,-8.443655e+00,6.679693e+01,-1.854076e+00
0,1389015185.519,5.513983e-01,-1.691877e-01,1.014525e-01,-8.449751e+00,6.678900e+01,-1.852309e+00
0,1389015185.567,5.602319e-01,-1.716186e-01,1.031039e-01,-8.455307e+00,6.678171e+01,-1.850657e+00
0,1389015185.617,5.695694e-01,-1.741443e-01,1.048893e-01,-8.461139e+00,6.677399e+01,-1.848872e+00
0,1389015185.648,5.753097e-01,-1.756914e-01,1.059921e-01,-8.464719e+00,6.676925e+01,-1.847769e+00
0,1389015185.693,5.837064e-01,-1.778848e-01,1.076704e-01,-8.469891e+00,6.676228e+01,-1.846091e+00
0,1389015185.730,5.906416e-01,-1.796964e-01,1.090565e-01,-8.474163e+00,6.675652e+01,-1.844704e+00
0,1389015185.817,6.073108e-01,-1.839197e-01,1.125035e-01,-8.484309e+00,6.674264e+01,-1.841258e+00
0,1389015185.851,6.138257e-01,-1.855489e-01,1.138688e-01,-8.488254e+00,6.673720e+01,-1.839892e+00
0,1389015185.896,6.226702e-01,-1.876886e-01,1.157815e-01,-8.493544e+00,6.672980e+01,-1.837979e+00
0,1389015185.932,6.295812e-01,-1.893605e-01,1.172760e-01,-8.497677e+00,6.672401e+01,-1.836485e+00
0,1389015185.971,6.373469e-01,-1.911872e-01,1.189950e-01,-8.502273e+00,6.671749e+01,-1.834766e+00
0,1389015186.020,6.468550e-01,-1.933913e-01,1.211243e-01,-8.507871e+00,6.670950e+01,-1.832637e+00
0,1389015186.052,6.532927e-01,-1.948687e-01,1.225767e-01,-8.511647e+00,6.670408e+01,-1.831184e+00
0,1389015186.092,6.611849e-01,-1.966152e-01,1.244032e-01,-8.516216e+00,6.669741e+01,-1.829358e+00
0,1389015186.133,6.692561e-01,-1.984013e-01,1.262710e-01,-8.520889e+00,6.669059e+01,-1.827490e+00
0,1389015186.173,6.772202e-01,-2.001029e-01,1.281547e-01,-8.525443e+00,6.668384e+01,-1.825606e+00
0,1389015186.220,6.864974e-01,-2.020538e-01,1.303696e-01,-8.530719e+00,6.667596e+01,-1.823391e+00
0,1389015186.254,6.933478e-01,-2.034741e-01,1.320178e-01,-8.534596e+00,6.667014e+01,-1.821743e+00
0,1389015186.303,7.032133e-01,-2.054344e-01,1.344446e-01,-8.540101e+00,6.666172e+01,-1.819316e+00
0,1389015186.334,7.093710e-01,-2.066580e-01,1.359594e-01,-8.543537e+00,6.665647e+01,-1.817802e+00
0,1389015186.374,7.173572e-01,-2.081736e-01,1.379659e-01,-8.547927e+00,6.664963e+01,-1.815795e+00
0,1389015186.419,7.263208e-01,-2.098446e-01,1.402356e-01,-8.552826e+00,6.664194e+01,-1.813525e+00
0,1389015186.455,7.334729e-01,-2.111519e-01,1.420611e-01,-8.556712e+00,6.663579e+01,-1.811700e+00
0,1389015186.502,7.427146e-01,-2.127540e-01,1.444684e-01,-8.561651e+00,6.662782e+01,-1.809293e+00
0,1389015186.536,7.495033e-01,-2.139309e-01,1.462367e-01,-8.565279e+00,6.662196e+01,-1.807524e+00
0,1389015186.576,7.573617e-01,-2.152087e-01,1.483283e-01,-8.569401e+00,6.661515e+01,-1.805433e+00
0,1389015186.619,7.658986e-01,-2.165692e-01,1.506150e-01,-8.573853e+00,6.660774e+01,-1.803146e+00
0,1389015186.659,7.738134e-01,-2.177887e-01,1.527587e-01,-8.577942e+00,6.660085e+01,-1.801002e+00
0,1389015186.697,7.811400e-01,-2.188464e-01,1.547832e-01,-8.581661e+00,6.659445e+01,-1.798978e+00
0,1389015186.737,7.889428e-01,-2.199729e-01,1.569392e-01,-8.585621e+00,6.658764e+01,-1.796822e+00
0,1389015186.777,7.966476e-01,-2.209877e-01,1.591409e-01,-8.589442e+00,6.658087e+01,-1.794620e+00
0,1389015186.822,8.054942e-01,-2.221237e-01,1.616907e-01,-8.593801e+00,6.657309e+01,-1.792070e+00
0,1389015186.857,8.122448e-01,-2.229509e-01,1.636736e-01,-8.597091e+00,6.656713e+01,-1.790087e+00
0,1389015186.906,8.216463e-01,-2.239995e-01,1.665321e-01,-8.601576e+00,6.655881e+01,-1.787229e+00
0,1389015186.938,8.276577e-01,-2.246700e-01,1.683598e-01,-8.604445e+00,6.655348e+01,-1.785401e+00
0,1389015186.978,8.352751e-01,-2.254098e-01,1.707979e-01,-8.607977e+00,6.654669e+01,-1.782963e+00
0,1389015187.025,8.443693e-01,-2.262627e-01,1.737425e-01,-8.612167e+00,6.653857e+01,-1.780018e+00
0,1389015187.058,8.506565e-01,-2.268059e-01,1.758373e-01,-8.615020e+00,6.653295e+01,-1.777924e+00
0,1389015187.100,8.586576e-01,-2.274074e-01,1.786178e-01,-8.618568e+00,6.652575e+01,-1.775143e+00
0,1389015187.139,8.659133e-01,-2.279528e-01,1.811392e-01,-8.621785e+00,6.651922e+01,-1.772622e+00
0,1389015187.179,8.735152e-01,-2.284003e-01,1.839577e-01,-8.625040e+00,6.651234e+01,-1.769803e+00
0,1389015187.223,8.818295e-01,-2.288639e-01,1.870771e-01,-8.628577e+00,6.650480e+01,-1.766684e+00
0,1389015187.260,8.887372e-01,-2.291938e-01,1.897553e-01,-8.631464e+00,6.649852e+01,-1.764006e+00
0,1389015187.302,8.966430e-01,-2.294752e-01,1.929713e-01,-8.634680e+00,6.649129e+01,-1.760790e+00
0,1389015187.340,9.037567e-01,-2.297284e-01,1.958650e-01,-8.637573e+00,6.648478e+01,-1.757896e+00
0,1389015187.380,9.113453e-01,-2.298619e-01,1.991842e-01,-8.640532e+00,6.647779e+01,-1.754577e+00
0,1389015187.402,9.154999e-01,-2.299230e-01,2.010216e-01,-8.642141e+00,6.647396e+01,-1.752739e+00
0,1389015187.421,9.190739e-01,-2.299756e-01,2.026023e-01,-8.643526e+00,6.647067e+01,-1.751159e+00
0,1389015187.542,9.416403e-01,-2.299186e-01,2.132931e-01,-8.651905e+00,6.644972e+01,-1.740468e+00
0,1389015187.663,9.643456e-01,-2.292053e-01,2.253205e-01,-8.659728e+00,6.642839e+01,-1.728441e+00
0,1389015187.685,9.685130e-01,-2.289971e-01,2.276856e-01,-8.661092e+00,6.642445e+01,-1.726075e+00
0,1389015187.743,9.792718e-01,-2.284594e-01,2.337917e-01,-8.664613e+00,6.641426e+01,-1.719969e+00
0,1389015187.805,9.909314e-01,-2.276904e-01,2.408028e-01,-8.668257e+00,6.640316e+01,-1.712958e+00
0,1389015187.846,9.985202e-01,-2.271839e-01,2.453786e-01,-8.670623e+00,6.639593e+01,-1.708382e+00
0,1389015187.884,1.005660e+00,-2.266267e-01,2.498642e-01,-8.672774e+00,6.638910e+01,-1.703897e+00
0,1389015187.904,1.009434e+00,-2.263323e-01,2.522349e-01,-8.673911e+00,6.638549e+01,-1.701526e+00
0,1389015187.931,1.014479e+00,-2.259386e-01,2.554046e-01,-8.675431e+00,6.638067e+01,-1.698356e+00
0,1389015187.968,1.021469e+00,-2.253649e-01,2.598681e-01,-8.677511e+00,6.637397e+01,-1.693893e+00
0,1389015188.007,1.028721e+00,-2.247521e-01,2.645435e-01,-8.679652e+00,6.636701e+01,-1.689217e+00
0,1389015188.045,1.035893e+00,-2.241459e-01,2.691683e-01,-8.681770e+00,6.636013e+01,-1.684593e+00
0,1389015188.086,1.043427e+00,-2.234986e-01,2.740803e-01,-8.683985e+00,6.635290e+01,-1.679681e+00
0,1389015188.125,1.050863e+00,-2.228596e-01,2.789287e-01,-8.686171e+00,6.634577e+01,-1.674832e+00
0,1389015188.166,1.058480e+00,-2.222192e-01,2.838868e-01,-8.688423e+00,6.633846e+01,-1.669874e+00
0,1389015188.208,1.066385e+00,-2.215684e-01,2.890257e-01,-8.690774e+00,6.633089e+01,-1.664735e+00
0,1389015188.245,1.073389e+00,-2.209923e-01,2.935775e-01,-8.692856e+00,6.632418e+01,-1.660184e+00
0,1389015188.286,1.081006e+00,-2.204308e-01,2.984443e-01,-8.695182e+00,6.631690e+01,-1.655317e+00
0,1389015188.326,1.088540e+00,-2.198755e-01,3.032576e-01,-8.697482e+00,6.630970e+01,-1.650503e+00
0,1389015188.371,1.097059e+00,-2.193149e-01,3.085997e-01,-8.700145e+00,6.630159e+01,-1.645161e+00
0,1389015188.407,1.103673e+00,-2.189174e-01,3.126909e-01,-8.702248e+00,6.629531e+01,-1.641070e+00
0,1389015188.448,1.111353e+00,-2.184641e-01,3.174284e-01,-8.704697e+00,6.628802e+01,-1.636333e+00
0,1389015188.538,1.128359e+00,-2.177581e-01,3.274471e-01,-8.710397e+00,6.627198e+01,-1.626314e+00
0,1389015188.548,1.130339e+00,-2.176903e-01,3.285905e-01,-8.711074e+00,6.627012e+01,-1.625171e+00
0,1389015188.567,1.133901e+00,-2.176262e-01,3.305520e-01,-8.712346e+00,6.626679e+01,-1.623209e+00
0,1389015188.590,1.138206e+00,-2.175487e-01,3.329223e-01,-8.713882e+00,6.626277e+01,-1.620839e+00
0,1389015188.648,1.149177e+00,-2.173665e-01,3.389372e-01,-8.717813e+00,6.625252e+01,-1.614824e+00
0,1389015188.738,1.166131e+00,-2.174871e-01,3.475436e-01,-8.724260e+00,6.623684e+01,-1.606217e+00
0,1389015188.768,1.171798e+00,-2.176139e-01,3.502533e-01,-8.726495e+00,6.623163e+01,-1.603508e+00
0,1389015188.810,1.179645e+00,-2.178250e-01,3.539367e-01,-8.729623e+00,6.622443e+01,-1.599824e+00
0,1389015188.849,1.186978e+00,-2.180325e-01,3.573546e-01,-8.732556e+00,6.621771e+01,-1.596406e+00
0,1389015188.889,1.194357e+00,-2.183320e-01,3.605780e-01,-8.735591e+00,6.621098e+01,-1.593183e+00
0,1389015188.929,1.201850e+00,-2.186361e-01,3.638515e-01,-8.738673e+00,6.620414e+01,-1.589909e+00
0,1389015188.969,1.209339e+00,-2.189739e-01,3.670037e-01,-8.741785e+00,6.619732e+01,-1.586757e+00
0,1389015189.009,1.216816e+00,-2.193345e-01,3.700675e-01,-8.744913e+00,6.619052e+01,-1.583693e+00
0,1389015189.050,1.224273e+00,-2.196954e-01,3.731051e-01,-8.748034e+00,6.618374e+01,-1.580656e+00
0,1389015189.090,1.231611e+00,-2.200604e-01,3.759525e-01,-8.751115e+00,6.617707e+01,-1.577808e+00
0,1389015189.131,1.239240e+00,-2.204398e-01,3.789128e-01,-8.754318e+00,6.617013e+01,-1.574848e+00
0,1389015189.171,1.246314e+00,-2.207694e-01,3.815826e-01,-8.757267e+00,6.616369e+01,-1.572178e+00
0,1389015189.211,1.253560e+00,-2.210944e-01,3.842750e-01,-8.760276e+00,6.615709e+01,-1.569486e+00
0,1389015189.251,1.260860e+00,-2.214091e-01,3.869754e-01,-8.763295e+00,6.615044e+01,-1.566786e+00
0,1389015189.291,1.267904e+00,-2.216434e-01,3.895155e-01,-8.766145e+00,6.614399e+01,-1.564245e+00
0,1389015189.334,1.275399e+00,-2.218927e-01,3.922183e-01,-8.769177e+00,6.613713e+01,-1.561543e+00
0,1389015189.372,1.282006e+00,-2.220258e-01,3.945759e-01,-8.771769e+00,6.613106e+01,-1.559185e+00
0,1389015189.412,1.289014e+00,-2.221267e-01,3.970653e-01,-8.774482e+00,6.612459e+01,-1.556696e+00
0,1389015189.453,1.295993e+00,-2.221911e-01,3.995449e-01,-8.777149e+00,6.611814e+01,-1.554216e+00
0,1389015189.493,1.302609e+00,-2.221086e-01,4.018991e-01,-8.779545e+00,6.611198e+01,-1.551862e+00
0,1389015189.537,1.310028e+00,-2.220161e-01,4.045391e-01,-8.782231e+00,6.610506e+01,-1.549222e+00
0,1389015189.573,1.315940e+00,-2.217805e-01,4.066748e-01,-8.784222e+00,6.609949e+01,-1.547086e+00
0,1389015189.618,1.323203e+00,-2.214296e-01,4.093108e-01,-8.786610e+00,6.609262e+01,-1.544450e+00
0,1389015189.654,1.329025e+00,-2.210913e-01,4.114397e-01,-8.788472e+00,6.608709e+01,-1.542321e+00
0,1389015189.693,1.335254e+00,-2.205303e-01,4.137728e-01,-8.790279e+00,6.608111e+01,-1.539988e+00
0,1389015189.736,1.341941e+00,-2.199280e-01,4.162775e-01,-8.792220e+00,6.607468e+01,-1.537483e+00
0,1389015189.774,1.347796e+00,-2.192273e-01,4.185191e-01,-8.793757e+00,6.606899e+01,-1.535242e+00
0,1389015189.817,1.354412e+00,-2.183721e-01,4.210699e-01,-8.795436e+00,6.606253e+01,-1.532691e+00
0,1389015189.855,1.360177e+00,-2.175757e-01,4.233068e-01,-8.796852e+00,6.605689e+01,-1.530454e+00
0,1389015189.901,1.367131e+00,-2.164377e-01,4.260539e-01,-8.798395e+00,6.605001e+01,-1.527707e+00
0,1389015189.943,1.373449e+00,-2.154038e-01,4.285499e-01,-8.799797e+00,6.604376e+01,-1.525211e+00
0,1389015189.976,1.378342e+00,-2.144736e-01,4.305173e-01,-8.800762e+00,6.603888e+01,-1.523244e+00
0,1389015190.017,1.384456e+00,-2.133001e-01,4.329790e-01,-8.801958e+00,6.603277e+01,-1.520782e+00
0,1389015190.058,1.390593e+00,-2.120829e-01,4.354596e-01,-8.803122e+00,6.602662e+01,-1.518301e+00
0,1389015190.097,1.396456e+00,-2.108332e-01,4.378517e-01,-8.804154e+00,6.602071e+01,-1.515909e+00
0,1389015190.137,1.402483e+00,-2.095485e-01,4.403107e-01,-8.805215e+00,6.601464e+01,-1.513450e+00
0,1389015190.178,1.408695e+00,-2.081570e-01,4.428603e-01,-8.806245e+00,6.600836e+01,-1.510901e+00
0,1389015190.221,1.415275e+00,-2.066648e-01,4.455650e-01,-8.807320e+00,6.600170e+01,-1.508196e+00
0,1389015190.260,1.421212e+00,-2.053050e-01,4.480072e-01,-8.808277e+00,6.599569e+01,-1.505754e+00
0,1389015190.302,1.427856e+00,-2.037588e-01,4.507435e-01,-8.809326e+00,6.598895e+01,-1.503017e+00
0,1389015190.345,1.434512e+00,-2.022096e-01,4.534848e-01,-8.810376e+00,6.598219e+01,-1.500276e+00
0,1389015190.379,1.439917e+00,-2.009593e-01,4.557033e-01,-8.811236e+00,6.597671e+01,-1.498058e+00
0,1389015190.422,1.446809e+00,-1.993651e-01,4.585319e-01,-8.812332e+00,6.596972e+01,-1.495229e+00
0,1389015190.460,1.453003e+00,-1.979518e-01,4.610660e-01,-8.813336e+00,6.596345e+01,-1.492695e+00
0,1389015190.501,1.459855e+00,-1.964222e-01,4.638554e-01,-8.814478e+00,6.595652e+01,-1.489906e+00
0,1389015190.539,1.466346e+00,-1.949732e-01,4.664979e-01,-8.815559e+00,6.594996e+01,-1.487263e+00
0,1389015190.580,1.473403e+00,-1.934820e-01,4.693401e-01,-8.816813e+00,6.594286e+01,-1.484421e+00
0,1389015190.621,1.480514e+00,-1.919925e-01,4.721995e-01,-8.818088e+00,6.593571e+01,-1.481561e+00
0,1389015190.661,1.487632e+00,-1.905439e-01,4.750476e-01,-8.819404e+00,6.592856e+01,-1.478713e+00
0,1389015190.701,1.495056e+00,-1.890991e-01,4.779969e-01,-8.820838e+00,6.592114e+01,-1.475764e+00
0,1389015190.741,1.502358e+00,-1.876780e-01,4.808977e-01,-8.822249e+00,6.591383e+01,-1.472863e+00
0,1389015190.782,1.510060e+00,-1.862483e-01,4.839408e-01,-8.823801e+00,6.590615e+01,-1.469820e+00
0,1389015190.823,1.517936e+00,-1.847935e-01,4.870513e-01,-8.825395e+00,6.589830e+01,-1.466710e+00
0,1389015190.862,1.525306e+00,-1.834492e-01,4.899617e-01,-8.826901e+00,6.589097e+01,-1.463799e+00
0,1389015190.904,1.533526e+00,-1.819732e-01,4.932088e-01,-8.828604e+00,6.588279e+01,-1.460552e+00
0,1389015190.942,1.540920e+00,-1.806458e-01,4.961291e-01,-8.830136e+00,6.587544e+01,-1.457632e+00
0,1389015190.983,1.548891e+00,-1.792211e-01,4.992950e-01,-8.831793e+00,6.586751e+01,-1.454466e+00
0,1389015191.023,1.556826e+00,-1.778034e-01,5.024478e-01,-8.833443e+00,6.585962e+01,-1.451313e+00
0,1389015191.063,1.564733e+00,-1.763794e-01,5.056058e-01,-8.835077e+00,6.585175e+01,-1.448155e+00
0,1389015191.105,1.573089e+00,-1.748598e-01,5.089641e-01,-8.836790e+00,6.584343e+01,-1.444797e+00
0,1389015191.143,1.580528e+00,-1.735070e-01,5.119538e-01,-8.838315e+00,6.583603e+01,-1.441807e+00
0,1389015191.183,1.588552e+00,-1.719929e-01,5.152304e-01,-8.839908e+00,6.582802e+01,-1.438531e+00
0,1389015191.225,1.596823e+00,-1.704285e-01,5.186116e-01,-8.841548e+00,6.581976e+01,-1.435149e+00
0,1389015191.263,1.604264e+00,-1.689798e-01,5.216870e-01,-8.842985e+00,6.581232e+01,-1.432074e+00
0,1389015191.306,1.612571e+00,-1.673119e-01,5.251611e-01,-8.844541e+00,6.580399e+01,-1.428600e+00
0,1389015191.344,1.619830e+00,-1.658543e-01,5.281971e-01,-8.845902e+00,6.579671e+01,-1.425564e+00
0,1389015191.384,1.627488e+00,-1.641952e-01,5.314909e-01,-8.847225e+00,6.578899e+01,-1.422270e+00
0,1389015191.425,1.635298e+00,-1.624977e-01,5.348543e-01,-8.848569e+00,6.578111e+01,-1.418907e+00
0,1389015191.463,1.642438e+00,-1.608720e-01,5.379817e-01,-8.849729e+00,6.577388e+01,-1.415779e+00
0,1389015191.506,1.650254e+00,-1.589988e-01,5.414721e-01,-8.850912e+00,6.576593e+01,-1.412289e+00
0,1389015191.543,1.657104e+00,-1.573571e-01,5.445310e-01,-8.851949e+00,6.575897e+01,-1.409230e+00
0,1389015191.584,1.664161e+00,-1.554685e-01,5.478190e-01,-8.852834e+00,6.575171e+01,-1.405942e+00
0,1389015191.624,1.671288e+00,-1.535509e-01,5.511468e-01,-8.853718e+00,6.574439e+01,-1.402614e+00
0,1389015191.707,1.685178e+00,-1.494636e-01,5.578731e-01,-8.855117e+00,6.572998e+01,-1.395888e+00
0,1389015191.745,1.691436e+00,-1.475659e-01,5.609422e-01,-8.855695e+00,6.572346e+01,-1.392819e+00
0,1389015191.784,1.697743e+00,-1.454496e-01,5.641785e-01,-8.856090e+00,6.571682e+01,-1.389582e+00
0,1389015191.805,1.701044e+00,-1.443407e-01,5.658731e-01,-8.856294e+00,6.571334e+01,-1.387888e+00
0,1389015191.865,1.710360e+00,-1.411217e-01,5.707205e-01,-8.856789e+00,6.570350e+01,-1.383040e+00
0,1389015191.919,1.718608e+00,-1.381066e-01,5.751317e-01,-8.857075e+00,6.569472e+01,-1.378629e+00
0,1389015191.945,1.722538e+00,-1.366700e-01,5.772335e-01,-8.857211e+00,6.569054e+01,-1.376528e+00
0,1389015191.986,1.728468e+00,-1.343533e-01,5.805176e-01,-8.857278e+00,6.568417e+01,-1.373243e+00
0,1389015192.026,1.734371e+00,-1.320472e-01,5.837866e-01,-8.857345e+00,6.567784e+01,-1.369974e+00
0,1389015192.066,1.740228e+00,-1.297009e-01,5.870771e-01,-8.857357e+00,6.567153e+01,-1.366684e+00
0,1389015192.112,1.746816e+00,-1.269994e-01,5.908285e-01,-8.857313e+00,6.566441e+01,-1.362932e+00
0,1389015192.129,1.749186e+00,-1.260275e-01,5.921782e-01,-8.857297e+00,6.566185e+01,-1.361583e+00
0,1389015192.147,1.751893e+00,-1.249132e-01,5.937236e-01,-8.857275e+00,6.565892e+01,-1.360037e+00
0,1389015192.220,1.762146e+00,-1.205771e-01,5.996834e-01,-8.857084e+00,6.564779e+01,-1.354078e+00
0,1389015192.249,1.766188e+00,-1.188649e-01,6.020365e-01,-8.857007e+00,6.564340e+01,-1.351724e+00
0,1389015192.291,1.772081e+00,-1.163409e-01,6.055043e-01,-8.856867e+00,6.563699e+01,-1.348257e+00
0,1389015192.329,1.777513e+00,-1.140140e-01,6.087013e-01,-8.856739e+00,6.563108e+01,-1.345060e+00
0,1389015192.370,1.783277e+00,-1.115527e-01,6.121025e-01,-8.856609e+00,6.562482e+01,-1.341659e+00
0,1389015192.410,1.788824e+00,-1.091881e-01,6.153816e-01,-8.856489e+00,6.561879e+01,-1.338379e+00
0,1389015192.450,1.794506e+00,-1.067729e-01,6.187382e-01,-8.856372e+00,6.561261e+01,-1.335023e+00
0,1389015192.531,1.806199e+00,-1.019018e-01,6.256227e-01,-8.856223e+00,6.559995e+01,-1.328138e+00
0,1389015192.550,1.808948e+00,-1.007688e-01,6.272366e-01,-8.856200e+00,6.559697e+01,-1.326524e+00
0,1389015192.573,1.812262e+00,-9.944250e-02,6.291652e-01,-8.856207e+00,6.559341e+01,-1.324596e+00
0,1389015192.611,1.817897e+00,-9.718668e-02,6.324455e-01,-8.856221e+00,6.558734e+01,-1.321316e+00
0,1389015192.651,1.823727e+00,-9.486661e-02,6.358312e-01,-8.856247e+00,6.558106e+01,-1.317930e+00
0,1389015192.691,1.829805e+00,-9.252749e-02,6.393154e-01,-8.856349e+00,6.557455e+01,-1.314446e+00
0,1389015192.732,1.835862e+00,-9.019654e-02,6.427873e-01,-8.856450e+00,6.556806e+01,-1.310974e+00
0,1389015192.773,1.842192e+00,-8.778260e-02,6.463812e-01,-8.856576e+00,6.556129e+01,-1.307380e+00
0,1389015192.813,1.848318e+00,-8.545693e-02,6.498427e-01,-8.856708e+00,6.555474e+01,-1.303918e+00
0,1389015192.853,1.854472e+00,-8.311416e-02,6.533120e-01,-8.856835e+00,6.554815e+01,-1.300449e+00
0,1389015192.893,1.860715e+00,-8.071214e-02,6.567939e-01,-8.856940e+00,6.554146e+01,-1.296967e+00
0,1389015192.933,1.867002e+00,-7.829327e-02,6.603002e-01,-8.857045e+00,6.553473e+01,-1.293461e+00
0,1389015192.973,1.873325e+00,-7.579450e-02,6.637969e-01,-8.857090e+00,6.552793e+01,-1.289964e+00
0,1389015193.015,1.879880e+00,-7.317456e-02,6.674083e-01,-8.857110e+00,6.552087e+01,-1.286353e+00
0,1389015193.053,1.885996e+00,-7.069843e-02,6.707694e-01,-8.857098e+00,6.551427e+01,-1.282992e+00
0,1389015193.094,1.892442e+00,-6.796279e-02,6.742799e-01,-8.856969e+00,6.550727e+01,-1.279481e+00
0,1389015193.134,1.898816e+00,-6.525762e-02,6.777513e-01,-8.856842e+00,6.550035e+01,-1.276010e+00
0,1389015193.176,1.905420e+00,-6.228716e-02,6.813187e-01,-8.856554e+00,6.549311e+01,-1.272442e+00
0,1389015193.215,1.911699e+00,-5.940481e-02,6.847004e-01,-8.856227e+00,6.548621e+01,-1.269061e+00
0,1389015193.254,1.917901e+00,-5.649211e-02,6.880330e-01,-8.855843e+00,6.547937e+01,-1.265728e+00
0,1389015193.295,1.924347e+00,-5.324156e-02,6.914679e-01,-8.855236e+00,6.547218e+01,-1.262293e+00
0,1389015193.335,1.930683e+00,-5.004585e-02,6.948449e-01,-8.854640e+00,6.546510e+01,-1.258916e+00
0,1389015193.378,1.937339e+00,-4.640186e-02,6.983638e-01,-8.853747e+00,6.545757e+01,-1.255397e+00
0,1389015193.416,1.943303e+00,-4.305650e-02,7.015093e-01,-8.852872e+00,6.545079e+01,-1.252252e+00
0,1389015193.456,1.949561e+00,-3.943123e-02,7.048010e-01,-8.851848e+00,6.544363e+01,-1.248960e+00
0,1389015193.496,1.955685e+00,-3.557209e-02,7.079979e-01,-8.850557e+00,6.543650e+01,-1.245763e+00
0,1389015193.516,1.958794e+00,-3.361336e-02,7.096205e-01,-8.849902e+00,6.543289e+01,-1.244141e+00
0,1389015193.536,1.961857e+00,-3.168285e-02,7.112197e-01,-8.849256e+00,6.542933e+01,-1.242541e+00
0,1389015193.556,1.964950e+00,-2.959725e-02,7.128250e-01,-8.848477e+00,6.542568e+01,-1.240936e+00
0,1389015193.656,1.980005e+00,-1.871163e-02,7.205910e-01,-8.844006e+00,6.540765e+01,-1.233170e+00
0,1389015193.698,1.986209e+00,-1.372987e-02,7.237523e-01,-8.841703e+00,6.540003e+01,-1.230009e+00
0,1389015193.737,1.991875e+00,-9.180382e-03,7.266392e-01,-8.839600e+00,6.539308e+01,-1.227122e+00
0,1389015193.778,1.997957e+00,-3.897607e-03,7.296868e-01,-8.836973e+00,6.538546e+01,-1.224074e+00
0,1389015193.817,2.003599e+00,1.099579e-03,7.325009e-01,-8.834446e+00,6.537836e+01,-1.221260e+00
0,1389015193.857,2.009317e+00,6.288306e-03,7.353276e-01,-8.831770e+00,6.537112e+01,-1.218433e+00
0,1389015193.902,2.015679e+00,1.239141e-02,7.384076e-01,-8.828486e+00,6.536293e+01,-1.215353e+00
0,1389015193.937,2.020762e+00,1.726710e-02,7.408681e-01,-8.825863e+00,6.535640e+01,-1.212893e+00
0,1389015193.986,2.027627e+00,2.421373e-02,7.440848e-01,-8.821985e+00,6.534743e+01,-1.209676e+00
0,1389015194.018,2.032192e+00,2.887998e-02,7.462100e-01,-8.819362e+00,6.534146e+01,-1.207551e+00
0,1389015194.058,2.037778e+00,3.468053e-02,7.487710e-01,-8.816069e+00,6.533411e+01,-1.204990e+00
0,1389015194.103,2.044184e+00,4.155533e-02,7.516101e-01,-8.812086e+00,6.532560e+01,-1.202151e+00
0,1389015194.138,2.049082e+00,4.681107e-02,7.537806e-01,-8.809041e+00,6.531909e+01,-1.199980e+00
0,1389015194.178,2.054716e+00,5.303614e-02,7.561573e-01,-8.805373e+00,6.531154e+01,-1.197604e+00
0,1389015194.226,2.061444e+00,6.051345e-02,7.589652e-01,-8.800951e+00,6.530250e+01,-1.194796e+00
0,1389015194.261,2.066386e+00,6.606340e-02,7.609613e-01,-8.797650e+00,6.529585e+01,-1.192800e+00
0,1389015194.305,2.072527e+00,7.304197e-02,7.633466e-01,-8.793471e+00,6.528754e+01,-1.190414e+00
0,1389015194.342,2.077714e+00,7.893672e-02,7.653615e-01,-8.789942e+00,6.528053e+01,-1.188400e+00
0,1389015194.380,2.083072e+00,8.508072e-02,7.672877e-01,-8.786245e+00,6.527326e+01,-1.186473e+00
0,1389015194.432,2.090567e+00,9.368378e-02,7.699617e-01,-8.781066e+00,6.526309e+01,-1.183799e+00
0,1389015194.461,2.094624e+00,9.833566e-02,7.713336e-01,-8.778267e+00,6.525759e+01,-1.182427e+00
0,1389015194.507,2.101307e+00,1.059939e-01,7.734918e-01,-8.773661e+00,6.524853e+01,-1.180269e+00
0,1389015194.541,2.106180e+00,1.115769e-01,7.750651e-01,-8.770303e+00,6.524193e+01,-1.178696e+00
0,1389015194.581,2.111990e+00,1.181592e-01,7.767575e-01,-8.766369e+00,6.523408e+01,-1.177004e+00
0,1389015194.627,2.118765e+00,1.258239e-01,7.787053e-01,-8.761791e+00,6.522493e+01,-1.175056e+00
0,1389015194.661,2.123802e+00,1.314725e-01,7.800731e-01,-8.758434e+00,6.521815e+01,-1.173688e+00
0,1389015194.701,2.129870e+00,1.382090e-01,7.816103e-01,-8.754452e+00,6.521000e+01,-1.172151e+00
0,1389015194.743,2.136068e+00,1.450910e-01,7.831808e-01,-8.750385e+00,6.520168e+01,-1.170580e+00
0,1389015194.781,2.141927e+00,1.514808e-01,7.844989e-01,-8.746647e+00,6.519386e+01,-1.169262e+00
0,1389015194.824,2.148435e+00,1.585712e-01,7.859522e-01,-8.742503e+00,6.518517e+01,-1.167809e+00
0,1389015194.863,2.154407e+00,1.650212e-01,7.872136e-01,-8.738751e+00,6.517722e+01,-1.166547e+00
0,1389015194.911,2.161873e+00,1.730045e-01,7.886865e-01,-8.734136e+00,6.516731e+01,-1.165074e+00
0,1389015194.944,2.166988e+00,1.784735e-01,7.896956e-01,-8.730975e+00,6.516053e+01,-1.164065e+00
0,1389015194.982,2.173070e+00,1.848598e-01,7.907643e-01,-8.727324e+00,6.515250e+01,-1.162997e+00
0,1389015195.028,2.180355e+00,1.925057e-01,7.920394e-01,-8.722954e+00,6.514288e+01,-1.161722e+00
0,1389015195.063,2.185860e+00,1.982296e-01,7.929502e-01,-8.719702e+00,6.513564e+01,-1.160811e+00
0,1389015195.106,2.192812e+00,2.053921e-01,7.940376e-01,-8.715656e+00,6.512651e+01,-1.159723e+00
0,1389015195.145,2.199118e+00,2.118894e-01,7.950240e-01,-8.711986e+00,6.511824e+01,-1.158737e+00
0,1389015195.183,2.205416e+00,2.182616e-01,7.959140e-01,-8.708428e+00,6.511001e+01,-1.157847e+00
0,1389015195.224,2.212165e+00,2.250894e-01,7.968671e-01,-8.704617e+00,6.510120e+01,-1.156894e+00
0,1389015195.265,2.218864e+00,2.318067e-01,7.977741e-01,-8.700889e+00,6.509248e+01,-1.155987e+00
0,1389015195.304,2.225472e+00,2.383722e-01,7.986282e-01,-8.697269e+00,6.508390e+01,-1.155133e+00
0,1389015195.344,2.232127e+00,2.449830e-01,7.994883e-01,-8.693624e+00,6.507525e+01,-1.154273e+00
0,1389015195.384,2.239059e+00,2.517515e-01,8.003248e-01,-8.689936e+00,6.506629e+01,-1.153436e+00
0,1389015195.435,2.247640e+00,2.601245e-01,8.013575e-01,-8.685376e+00,6.505521e+01,-1.152404e+00
0,1389015195.466,2.253010e+00,2.653025e-01,8.019823e-01,-8.682580e+00,6.504829e+01,-1.151779e+00
0,1389015195.505,2.259813e+00,2.718229e-01,8.027602e-01,-8.679074e+00,6.503954e+01,-1.151001e+00
0,1389015195.550,2.267771e+00,2.794342e-01,8.036671e-01,-8.674987e+00,6.502932e+01,-1.150094e+00
0,1389015195.584,2.273787e+00,2.850999e-01,8.043352e-01,-8.671980e+00,6.502162e+01,-1.149426e+00
0,1389015195.627,2.281398e+00,2.922665e-01,8.051804e-01,-8.668177e+00,6.501188e+01,-1.148581e+00
0,1389015195.665,2.288080e+00,2.985089e-01,8.059156e-01,-8.664883e+00,6.500335e+01,-1.147845e+00
0,1389015195.709,2.296027e+00,3.058789e-01,8.067826e-01,-8.661017e+00,6.499323e+01,-1.146978e+00
0,1389015195.745,2.302508e+00,3.118900e-01,8.074898e-01,-8.657863e+00,6.498497e+01,-1.146271e+00
0,1389015195.785,2.309860e+00,3.186370e-01,8.082778e-01,-8.654352e+00,6.497563e+01,-1.145483e+00
0,1389015195.825,2.317166e+00,3.253414e-01,8.090608e-01,-8.650863e+00,6.496635e+01,-1.144700e+00
0,1389015195.865,2.324521e+00,3.320712e-01,8.098417e-01,-8.647369e+00,6.495701e+01,-1.143919e+00
0,1389015195.913,2.333331e+00,3.401078e-01,8.107681e-01,-8.643207e+00,6.494583e+01,-1.142993e+00
0,1389015195.946,2.339464e+00,3.457028e-01,8.114128e-01,-8.640309e+00,6.493805e+01,-1.142348e+00
0,1389015195.986,2.346918e+00,3.524933e-01,8.121811e-01,-8.636796e+00,6.492860e+01,-1.141580e+00
0,1389015196.026,2.354501e+00,3.594011e-01,8.129626e-01,-8.633222e+00,6.491899e+01,-1.140798e+00
0,1389015196.065,2.361875e+00,3.661288e-01,8.137143e-01,-8.629737e+00,6.490964e+01,-1.140047e+00
0,1389015196.113,2.370854e+00,3.743327e-01,8.146201e-01,-8.625482e+00,6.489824e+01,-1.139141e+00
0,1389015196.146,2.376994e+00,3.799439e-01,8.152394e-01,-8.622572e+00,6.489045e+01,-1.138522e+00
0,1389015196.186,2.384685e+00,3.870221e-01,8.159977e-01,-8.618880e+00,6.488067e+01,-1.137763e+00
0,1389015196.227,2.392360e+00,3.940868e-01,8.167545e-01,-8.615196e+00,6.487091e+01,-1.137006e+00
0,1389015196.266,2.399838e+00,4.010103e-01,8.174823e-01,-8.611568e+00,6.486139e+01,-1.136279e+00
0,1389015196.306,2.407535e+00,4.081764e-01,8.182228e-01,-8.607797e+00,6.485157e+01,-1.135538e+00
0,1389015196.346,2.415148e+00,4.152661e-01,8.189547e-01,-8.604066e+00,6.484186e+01,-1.134806e+00
0,1389015196.389,2.423291e+00,4.229654e-01,8.197176e-01,-8.599967e+00,6.483143e+01,-1.134043e+00
0,1389015196.429,2.430981e+00,4.302357e-01,8.204380e-01,-8.596097e+00,6.482158e+01,-1.133323e+00
0,1389015196.467,2.438217e+00,4.371539e-01,8.211047e-01,-8.592384e+00,6.481228e+01,-1.132656e+00
0,1389015196.507,2.445922e+00,4.445803e-01,8.218059e-01,-8.588374e+00,6.480236e+01,-1.131955e+00
0,1389015196.548,2.453589e+00,4.519807e-01,8.225025e-01,-8.584375e+00,6.479248e+01,-1.131258e+00
0,1389015196.589,2.461405e+00,4.596895e-01,8.231920e-01,-8.580145e+00,6.478235e+01,-1.130569e+00
0,1389015196.628,2.468934e+00,4.671149e-01,8.238561e-01,-8.576071e+00,6.477260e+01,-1.129905e+00
0,1389015196.667,2.476410e+00,4.745893e-01,8.245047e-01,-8.571932e+00,6.476287e+01,-1.129256e+00
0,1389015196.709,2.484267e+00,4.825278e-01,8.251774e-01,-8.567504e+00,6.475261e+01,-1.128584e+00
0,1389015196.748,2.491694e+00,4.900425e-01,8.258124e-01,-8.563309e+00,6.474292e+01,-1.127949e+00
0,1389015196.788,2.499342e+00,4.979477e-01,8.264516e-01,-8.558834e+00,6.473287e+01,-1.127309e+00
0,1389015196.833,2.508001e+00,5.068980e-01,8.271754e-01,-8.553768e+00,6.472149e+01,-1.126586e+00
0,1389015196.868,2.514654e+00,5.138731e-01,8.277250e-01,-8.549784e+00,6.471272e+01,-1.126036e+00
0,1389015196.909,2.522380e+00,5.220316e-01,8.283596e-01,-8.545104e+00,6.470250e+01,-1.125401e+00
0,1389015196.948,2.529789e+00,5.298675e-01,8.289676e-01,-8.540604e+00,6.469270e+01,-1.124793e+00
0,1389015196.989,2.537572e+00,5.382538e-01,8.296002e-01,-8.535734e+00,6.468235e+01,-1.124161e+00
0,1389015197.030,2.545428e+00,5.467174e-01,8.302386e-01,-8.530819e+00,6.467190e+01,-1.123522e+00
0,1389015197.069,2.552724e+00,5.546692e-01,8.308303e-01,-8.526169e+00,6.466216e+01,-1.122931e+00
0,1389015197.110,2.560604e+00,5.633195e-01,8.314686e-01,-8.521090e+00,6.465162e+01,-1.122292e+00
0,1389015197.149,2.568025e+00,5.714806e-01,8.320699e-01,-8.516293e+00,6.464168e+01,-1.121691e+00
0,1389015197.189,2.575640e+00,5.799857e-01,8.326890e-01,-8.511249e+00,6.463144e+01,-1.121072e+00
0,1389015197.229,2.583298e+00,5.885396e-01,8.333116e-01,-8.506177e+00,6.462114e+01,-1.120449e+00
0,1389015197.272,2.591492e+00,5.977858e-01,8.339825e-01,-8.500663e+00,6.461009e+01,-1.119779e+00
0,1389015197.310,2.598819e+00,6.061022e-01,8.345847e-01,-8.495686e+00,6.460018e+01,-1.119176e+00
0,1389015197.351,2.606663e+00,6.150247e-01,8.352311e-01,-8.490341e+00,6.458957e+01,-1.118530e+00
0,1389015197.390,2.614208e+00,6.237165e-01,8.358623e-01,-8.485098e+00,6.457933e+01,-1.117899e+00
0,1389015197.435,2.622808e+00,6.336238e-01,8.365818e-01,-8.479122e+00,6.456765e+01,-1.117179e+00
0,1389015197.470,2.629489e+00,6.413956e-01,8.371504e-01,-8.474410e+00,6.455855e+01,-1.116611e+00
0,1389015197.511,2.637542e+00,6.507990e-01,8.378405e-01,-8.468697e+00,6.454756e+01,-1.115921e+00
0,1389015197.550,2.645029e+00,6.595554e-01,8.384844e-01,-8.463373e+00,6.453735e+01,-1.115277e+00
0,1389015197.590,2.652845e+00,6.687949e-01,8.391737e-01,-8.457723e+00,6.452664e+01,-1.114587e+00
0,1389015197.630,2.660650e+00,6.780211e-01,8.398620e-01,-8.452081e+00,6.451596e+01,-1.113899e+00
0,1389015197.673,2.668968e+00,6.879242e-01,8.406043e-01,-8.446004e+00,6.450454e+01,-1.113157e+00
0,1389015197.711,2.676438e+00,6.968497e-01,8.412751e-01,-8.440516e+00,6.449428e+01,-1.112486e+00
0,1389015197.750,2.684175e+00,7.061064e-01,8.419694e-01,-8.434821e+00,6.448364e+01,-1.111792e+00
0,1389015197.790,2.692046e+00,7.155980e-01,8.426728e-01,-8.428959e+00,6.447279e+01,-1.111088e+00
0,1389015197.831,2.700067e+00,7.252693e-01,8.433895e-01,-8.422985e+00,6.446174e+01,-1.110371e+00
0,1389015197.872,2.708206e+00,7.351314e-01,8.441033e-01,-8.416879e+00,6.445051e+01,-1.109658e+00
0,1389015197.912,2.715956e+00,7.445454e-01,8.447763e-01,-8.411043e+00,6.443980e+01,-1.108985e+00
0,1389015197.951,2.723724e+00,7.539889e-01,8.454456e-01,-8.405186e+00,6.442907e+01,-1.108315e+00
0,1389015197.991,2.731728e+00,7.637683e-01,8.461042e-01,-8.399106e+00,6.441799e+01,-1.107657e+00
0,1389015198.032,2.739762e+00,7.735843e-01,8.467652e-01,-8.393003e+00,6.440687e+01,-1.106996e+00
0,1389015198.077,2.748785e+00,7.846422e-01,8.474656e-01,-8.386118e+00,6.439437e+01,-1.106295e+00
0,1389015198.112,2.755709e+00,7.931376e-01,8.479895e-01,-8.380825e+00,6.438477e+01,-1.105771e+00
0,1389015198.151,2.763574e+00,8.027924e-01,8.485738e-01,-8.374808e+00,6.437387e+01,-1.105187e+00
0,1389015198.192,2.771677e+00,8.127634e-01,8.491170e-01,-8.368588e+00,6.436262e+01,-1.104644e+00
0,1389015198.234,2.780068e+00,8.230882e-01,8.496794e-01,-8.362146e+00,6.435098e+01,-1.104082e+00
0,1389015198.277,2.788531e+00,8.335124e-01,8.501794e-01,-8.355640e+00,6.433924e+01,-1.103582e+00
0,1389015198.313,2.795698e+00,8.423422e-01,8.505831e-01,-8.350127e+00,6.432929e+01,-1.103178e+00
0,1389015198.352,2.803631e+00,8.521172e-01,8.510115e-01,-8.344025e+00,6.431828e+01,-1.102750e+00
0,1389015198.399,2.812882e+00,8.635155e-01,8.514146e-01,-8.336909e+00,6.430544e+01,-1.102346e+00
0,1389015198.437,2.820505e+00,8.729065e-01,8.517467e-01,-8.331047e+00,6.429486e+01,-1.102014e+00
0,1389015198.477,2.828498e+00,8.827429e-01,8.520002e-01,-8.324910e+00,6.428377e+01,-1.101761e+00
0,1389015198.513,2.835584e+00,8.914593e-01,8.522035e-01,-8.319472e+00,6.427394e+01,-1.101557e+00
0,1389015198.553,2.843555e+00,9.012606e-01,8.524068e-01,-8.313360e+00,6.426288e+01,-1.101354e+00
0,1389015198.593,2.851570e+00,9.110912e-01,8.525016e-01,-8.307236e+00,6.425178e+01,-1.101259e+00
0,1389015198.636,2.860072e+00,9.215196e-01,8.526021e-01,-8.300740e+00,6.423999e+01,-1.101159e+00
0,1389015198.673,2.867494e+00,9.305931e-01,8.525966e-01,-8.295097e+00,6.422972e+01,-1.101164e+00
0,1389015198.713,2.875510e+00,9.403823e-01,8.525569e-01,-8.289013e+00,6.421863e+01,-1.101204e+00
0,1389015198.754,2.883510e+00,9.501414e-01,8.524919e-01,-8.282950e+00,6.420756e+01,-1.101269e+00
0,1389015198.794,2.891474e+00,9.598125e-01,8.523338e-01,-8.276955e+00,6.419656e+01,-1.101427e+00
0,1389015198.835,2.899744e+00,9.698559e-01,8.521696e-01,-8.270730e+00,6.418513e+01,-1.101591e+00
0,1389015198.875,2.907521e+00,9.792516e-01,8.519396e-01,-8.264921e+00,6.417441e+01,-1.101821e+00
0,1389015198.915,2.915526e+00,9.889051e-01,8.516772e-01,-8.258958e+00,6.416338e+01,-1.102084e+00
0,1389015198.961,2.924654e+00,9.998838e-01,8.513440e-01,-8.252185e+00,6.415081e+01,-1.102417e+00
0,1389015199.002,2.932807e+00,1.009635e+00,8.509878e-01,-8.246187e+00,6.413960e+01,-1.102773e+00
0,1389015199.041,2.940570e+00,1.018921e+00,8.506486e-01,-8.240474e+00,6.412893e+01,-1.103112e+00
0,1389015199.075,2.947494e+00,1.027135e+00,8.502925e-01,-8.235443e+00,6.411944e+01,-1.103469e+00
0,1389015199.116,2.955593e+00,1.036730e+00,8.498667e-01,-8.229569e+00,6.410834e+01,-1.103894e+00
0,1389015199.157,2.963723e+00,1.046334e+00,8.494236e-01,-8.223699e+00,6.409721e+01,-1.104337e+00
0,1389015199.201,2.972679e+00,1.056830e+00,8.488915e-01,-8.217310e+00,6.408498e+01,-1.104869e+00
0,1389015199.238,2.980069e+00,1.065491e+00,8.484524e-01,-8.212037e+00,6.407489e+01,-1.105309e+00
0,1389015199.277,2.987856e+00,1.074529e+00,8.479593e-01,-8.206564e+00,6.406429e+01,-1.105802e+00
0,1389015199.299,2.992420e+00,1.079813e+00,8.476663e-01,-8.203368e+00,6.405808e+01,-1.106095e+00
0,1389015199.317,2.996000e+00,1.083958e+00,8.474364e-01,-8.200861e+00,6.405321e+01,-1.106325e+00
0,1389015199.357,3.004126e+00,1.093330e+00,8.469079e-01,-8.195205e+00,6.404217e+01,-1.106853e+00
0,1389015199.418,3.016485e+00,1.107450e+00,8.460801e-01,-8.186726e+00,6.402543e+01,-1.107681e+00
0,1389015199.458,3.024661e+00,1.116747e+00,8.455305e-01,-8.181157e+00,6.401438e+01,-1.108231e+00
0,1389015199.501,3.033328e+00,1.126505e+00,8.449433e-01,-8.175345e+00,6.400269e+01,-1.108818e+00
0,1389015199.539,3.041093e+00,1.135248e+00,8.444173e-01,-8.170137e+00,6.399222e+01,-1.109344e+00
0,1389015199.559,3.045258e+00,1.139887e+00,8.441381e-01,-8.167390e+00,6.398662e+01,-1.109623e+00
0,1389015199.579,3.049398e+00,1.144475e+00,8.438620e-01,-8.164681e+00,6.398107e+01,-1.109899e+00
0,1389015199.619,3.057617e+00,1.153585e+00,8.433137e-01,-8.159303e+00,6.397004e+01,-1.110447e+00
0,1389015199.664,3.066833e+00,1.163731e+00,8.427021e-01,-8.153336e+00,6.395770e+01,-1.111059e+00
0,1389015199.700,3.074390e+00,1.171974e+00,8.422042e-01,-8.148514e+00,6.394761e+01,-1.111557e+00
0,1389015199.744,3.083424e+00,1.181827e+00,8.416091e-01,-8.142750e+00,6.393555e+01,-1.112152e+00
0,1389015199.780,3.090947e+00,1.189912e+00,8.411075e-01,-8.138062e+00,6.392555e+01,-1.112654e+00
0,1389015199.820,3.099313e+00,1.198896e+00,8.405493e-01,-8.132854e+00,6.391443e+01,-1.113212e+00
0,1389015199.861,3.107928e+00,1.208095e+00,8.399659e-01,-8.127541e+00,6.390301e+01,-1.113795e+00
0,1389015199.904,3.116737e+00,1.217413e+00,8.393560e-01,-8.122189e+00,6.389135e+01,-1.114405e+00
0,1389015199.944,3.125037e+00,1.226194e+00,8.387812e-01,-8.117146e+00,6.388037e+01,-1.114980e+00
0,1389015199.981,3.132779e+00,1.234268e+00,8.382136e-01,-8.112550e+00,6.387018e+01,-1.115547e+00
0,1389015200.021,3.141058e+00,1.242897e+00,8.376051e-01,-8.107639e+00,6.385927e+01,-1.116156e+00
0,1389015200.063,3.149778e+00,1.251930e+00,8.369420e-01,-8.102519e+00,6.384781e+01,-1.116819e+00
0,1389015200.102,3.157861e+00,1.260232e+00,8.362993e-01,-8.097840e+00,6.383721e+01,-1.117462e+00
0,1389015200.143,3.166193e+00,1.268788e+00,8.356369e-01,-8.093016e+00,6.382628e+01,-1.118124e+00
0,1389015200.182,3.174173e+00,1.276871e+00,8.349431e-01,-8.088501e+00,6.381586e+01,-1.118818e+00
0,1389015200.222,3.182347e+00,1.285143e+00,8.342286e-01,-8.083883e+00,6.380519e+01,-1.119532e+00
0,1389015200.262,3.190502e+00,1.293343e+00,8.334815e-01,-8.079324e+00,6.379456e+01,-1.120280e+00
0,1389015200.304,3.198876e+00,1.301691e+00,8.326665e-01,-8.074710e+00,6.378367e+01,-1.121094e+00
0,1389015200.343,3.206688e+00,1.309478e+00,8.319063e-01,-8.070406e+00,6.377352e+01,-1.121855e+00
0,1389015200.384,3.214695e+00,1.317345e+00,8.310354e-01,-8.066101e+00,6.376315e+01,-1.122726e+00
0,1389015200.430,3.223894e+00,1.326376e+00,8.300286e-01,-8.061161e+00,6.375124e+01,-1.123732e+00
0,1389015200.464,3.230440e+00,1.332747e+00,8.292601e-01,-8.057698e+00,6.374279e+01,-1.124501e+00
0,1389015200.505,3.238347e+00,1.340387e+00,8.282794e-01,-8.053566e+00,6.373260e+01,-1.125482e+00
0,1389015200.545,3.246139e+00,1.347916e+00,8.273131e-01,-8.049494e+00,6.372256e+01,-1.126448e+00
0,1389015200.585,3.253641e+00,1.355047e+00,8.262583e-01,-8.045683e+00,6.371294e+01,-1.127503e+00
0,1389015200.629,3.261954e+00,1.362948e+00,8.250888e-01,-8.041461e+00,6.370227e+01,-1.128672e+00
0,1389015200.670,3.269576e+00,1.370129e+00,8.239695e-01,-8.037648e+00,6.369252e+01,-1.129791e+00
0,1389015200.707,3.276335e+00,1.376459e+00,8.229492e-01,-8.034303e+00,6.368389e+01,-1.130812e+00
0,1389015200.746,3.283491e+00,1.383159e+00,8.218692e-01,-8.030762e+00,6.367474e+01,-1.131892e+00
0,1389015200.786,3.290754e+00,1.389886e+00,8.207915e-01,-8.027236e+00,6.366549e+01,-1.132969e+00
0,1389015200.829,3.298439e+00,1.397004e+00,8.196511e-01,-8.023505e+00,6.365571e+01,-1.134110e+00
0,1389015200.867,3.305277e+00,1.403313e+00,8.186989e-01,-8.020208e+00,6.364700e+01,-1.135062e+00
0,1389015200.907,3.312472e+00,1.409932e+00,8.177479e-01,-8.016757e+00,6.363786e+01,-1.136013e+00
0,1389015200.947,3.319629e+00,1.416516e+00,8.168140e-01,-8.013325e+00,6.362876e+01,-1.136947e+00
0,1389015201.032,3.334509e+00,1.430176e+00,8.152956e-01,-8.006214e+00,6.360985e+01,-1.138465e+00
0,1389015201.110,3.348312e+00,1.442878e+00,8.143870e-01,-7.999591e+00,6.359230e+01,-1.139374e+00
0,1389015201.131,3.352035e+00,1.446305e+00,8.141702e-01,-7.997803e+00,6.358757e+01,-1.139591e+00
0,1389015201.190,3.362564e+00,1.456055e+00,8.140126e-01,-7.992694e+00,6.357416e+01,-1.139748e+00
0,1389015201.231,3.369818e+00,1.462784e+00,8.140022e-01,-7.989162e+00,6.356492e+01,-1.139759e+00
0,1389015201.271,3.376854e+00,1.469363e+00,8.143071e-01,-7.985689e+00,6.355593e+01,-1.139454e+00
0,1389015201.312,3.384244e+00,1.476302e+00,8.148036e-01,-7.982014e+00,6.354648e+01,-1.138957e+00
0,1389015201.351,3.391217e+00,1.482865e+00,8.153552e-01,-7.978532e+00,6.353756e+01,-1.138406e+00
0,1389015201.391,3.398563e+00,1.489875e+00,8.164284e-01,-7.974775e+00,6.352813e+01,-1.137333e+00
0,1389015201.433,3.406164e+00,1.497128e+00,8.175388e-01,-7.970888e+00,6.351837e+01,-1.136222e+00
0,1389015201.472,3.413423e+00,1.504149e+00,8.190426e-01,-7.967088e+00,6.350901e+01,-1.134718e+00
0,1389015201.553,3.428413e+00,1.518765e+00,8.226801e-01,-7.959131e+00,6.348965e+01,-1.131081e+00
0,1389015201.573,3.432162e+00,1.522494e+00,8.239021e-01,-7.957074e+00,6.348478e+01,-1.129859e+00
0,1389015201.599,3.437214e+00,1.527518e+00,8.255487e-01,-7.954302e+00,6.347821e+01,-1.128212e+00
0,1389015201.636,3.444300e+00,1.534564e+00,8.278578e-01,-7.950414e+00,6.346901e+01,-1.125903e+00
0,1389015201.673,3.451419e+00,1.541759e+00,8.306209e-01,-7.946400e+00,6.345972e+01,-1.123140e+00
0,1389015201.714,3.459381e+00,1.549847e+00,8.338641e-01,-7.941873e+00,6.344931e+01,-1.119897e+00
0,1389015201.754,3.467144e+00,1.557765e+00,8.371316e-01,-7.937430e+00,6.343915e+01,-1.116629e+00
0,1389015201.797,3.475713e+00,1.566640e+00,8.411643e-01,-7.932400e+00,6.342789e+01,-1.112597e+00
0,1389015201.834,3.483081e+00,1.574270e+00,8.446318e-01,-7.928075e+00,6.341820e+01,-1.109129e+00
0,1389015201.874,3.491149e+00,1.582736e+00,8.487040e-01,-7.923237e+00,6.340755e+01,-1.105057e+00
0,1389015201.914,3.499184e+00,1.591210e+00,8.528640e-01,-7.918380e+00,6.339693e+01,-1.100897e+00
0,1389015201.955,3.507313e+00,1.599819e+00,8.571363e-01,-7.913432e+00,6.338618e+01,-1.096625e+00
0,1389015202.003,3.516984e+00,1.610194e+00,8.624540e-01,-7.907422e+00,6.337333e+01,-1.091307e+00
0,1389015202.035,3.523445e+00,1.617125e+00,8.660064e-01,-7.903407e+00,6.336475e+01,-1.087755e+00
0,1389015202.075,3.531450e+00,1.625821e+00,8.705166e-01,-7.898333e+00,6.335407e+01,-1.083244e+00
0,1389015202.118,3.540016e+00,1.635166e+00,8.753817e-01,-7.892866e+00,6.334263e+01,-1.078379e+00
0,1389015202.156,3.547663e+00,1.643546e+00,8.797335e-01,-7.887951e+00,6.333241e+01,-1.074028e+00
0,1389015202.205,3.557449e+00,1.654398e+00,8.853327e-01,-7.881542e+00,6.331928e+01,-1.068428e+00
0,1389015202.236,3.563615e+00,1.661234e+00,8.888599e-01,-7.877505e+00,6.331100e+01,-1.064901e+00
0,1389015202.277,3.571762e+00,1.670384e+00,8.934582e-01,-7.872062e+00,6.330003e+01,-1.060303e+00
0,1389015202.320,3.580150e+00,1.679839e+00,8.981741e-01,-7.866426e+00,6.328871e+01,-1.055587e+00
0,1389015202.357,3.587324e+00,1.687968e+00,9.021516e-01,-7.861567e+00,6.327902e+01,-1.051609e+00
0,1389015202.400,3.595573e+00,1.697424e+00,9.065845e-01,-7.855878e+00,6.326784e+01,-1.047177e+00
0,1389015202.437,3.602849e+00,1.705764e+00,9.104940e-01,-7.850861e+00,6.325797e+01,-1.043267e+00
0,1389015202.478,3.610473e+00,1.714627e+00,9.143393e-01,-7.845489e+00,6.324759e+01,-1.039422e+00
0,1389015202.522,3.618851e+00,1.724400e+00,9.184964e-01,-7.839554e+00,6.323617e+01,-1.035265e+00
0,1389015202.558,3.625472e+00,1.732174e+00,9.216438e-01,-7.834818e+00,6.322712e+01,-1.032117e+00
0,1389015202.600,3.633048e+00,1.741175e+00,9.249618e-01,-7.829299e+00,6.321673e+01,-1.028799e+00
0,1389015202.639,3.640088e+00,1.749538e+00,9.280444e-01,-7.824173e+00,6.320707e+01,-1.025717e+00
0,1389015202.680,3.647410e+00,1.758366e+00,9.308532e-01,-7.818721e+00,6.319698e+01,-1.022908e+00
0,1389015202.703,3.651345e+00,1.763123e+00,9.323227e-01,-7.815778e+00,6.319155e+01,-1.021438e+00
0,1389015202.723,3.654967e+00,1.767501e+00,9.336750e-01,-7.813071e+00,6.318656e+01,-1.020086e+00
0,1389015202.740,3.657816e+00,1.770945e+00,9.347388e-01,-7.810941e+00,6.318263e+01,-1.019022e+00
0,1389015202.779,3.664530e+00,1.779168e+00,9.368802e-01,-7.805823e+00,6.317333e+01,-1.016881e+00
0,1389015202.819,3.671365e+00,1.787556e+00,9.389987e-01,-7.800596e+00,6.316386e+01,-1.014762e+00
0,1389015202.861,3.678317e+00,1.796128e+00,9.409956e-01,-7.795243e+00,6.315420e+01,-1.012765e+00
0,1389015202.900,3.684845e+00,1.804241e+00,9.426184e-01,-7.790157e+00,6.314512e+01,-1.011143e+00
0,1389015202.941,3.691590e+00,1.812623e+00,9.442951e-01,-7.784903e+00,6.313573e+01,-1.009466e+00
0,1389015202.981,3.697946e+00,1.820591e+00,9.455421e-01,-7.779887e+00,6.312686e+01,-1.008219e+00
0,1389015203.022,3.704548e+00,1.828876e+00,9.467979e-01,-7.774669e+00,6.311764e+01,-1.006963e+00
0,1389015203.061,3.710854e+00,1.836811e+00,9.478603e-01,-7.769665e+00,6.310882e+01,-1.005901e+00
0,1389015203.101,3.717177e+00,1.844800e+00,9.487195e-01,-7.764618e+00,6.309997e+01,-1.005042e+00
0,1389015203.146,3.724216e+00,1.853692e+00,9.496688e-01,-7.759000e+00,6.309012e+01,-1.004092e+00
0,1389015203.184,3.730117e+00,1.861172e+00,9.501793e-01,-7.754267e+00,6.308185e+01,-1.003582e+00
0,1389015203.222,3.735962e+00,1.868581e+00,9.506849e-01,-7.749579e+00,6.307366e+01,-1.003076e+00
0,1389015203.262,3.742115e+00,1.876380e+00,9.511055e-01,-7.744644e+00,6.306504e+01,-1.002656e+00
0,1389015203.303,3.748378e+00,1.884319e+00,9.513750e-01,-7.739621e+00,6.305626e+01,-1.002386e+00
0,1389015203.343,3.754550e+00,1.892141e+00,9.516406e-01,-7.734671e+00,6.304762e+01,-1.002120e+00
0,1389015203.384,3.760743e+00,1.899962e+00,9.516893e-01,-7.729731e+00,6.303895e+01,-1.002072e+00
0,1389015203.423,3.766569e+00,1.907319e+00,9.517261e-01,-7.725084e+00,6.303080e+01,-1.002035e+00
0,1389015203.463,3.772587e+00,1.914894e+00,9.516865e-01,-7.720307e+00,6.302238e+01,-1.002075e+00
0,1389015203.503,3.778638e+00,1.922479e+00,9.515473e-01,-7.715532e+00,6.301394e+01,-1.002214e+00
0,1389015203.543,3.784675e+00,1.930045e+00,9.514084e-01,-7.710770e+00,6.300551e+01,-1.002353e+00
0,1389015203.591,3.791894e+00,1.939001e+00,9.510932e-01,-7.705160e+00,6.299547e+01,-1.002668e+00
0,1389015203.623,3.796775e+00,1.945053e+00,9.508753e-01,-7.701370e+00,6.298868e+01,-1.002886e+00
0,1389015203.663,3.802785e+00,1.952470e+00,9.505642e-01,-7.696736e+00,6.298033e+01,-1.003197e+00
0,1389015203.704,3.808964e+00,1.960052e+00,9.501918e-01,-7.692013e+00,6.297177e+01,-1.003569e+00
0,1389015203.744,3.814980e+00,1.967432e+00,9.498292e-01,-7.687415e+00,6.296343e+01,-1.003932e+00
0,1389015203.790,3.821856e+00,1.975796e+00,9.493433e-01,-7.682226e+00,6.295393e+01,-1.004418e+00
0,1389015203.824,3.827067e+00,1.982134e+00,9.489740e-01,-7.678294e+00,6.294672e+01,-1.004787e+00
0,1389015203.865,3.833150e+00,1.989509e+00,9.485265e-01,-7.673727e+00,6.293833e+01,-1.005235e+00
0,1389015203.905,3.839201e+00,1.996820e+00,9.480640e-01,-7.669207e+00,6.292998e+01,-1.005697e+00
0,1389015203.944,3.845190e+00,2.004055e+00,9.476063e-01,-7.664734e+00,6.292172e+01,-1.006155e+00
0,1389015203.984,3.851177e+00,2.011255e+00,9.471455e-01,-7.660292e+00,6.291348e+01,-1.006615e+00
0,1389015204.024,3.857242e+00,2.018548e+00,9.466787e-01,-7.655794e+00,6.290513e+01,-1.007082e+00
0,1389015204.064,3.863331e+00,2.025860e+00,9.462230e-01,-7.651287e+00,6.289675e+01,-1.007538e+00
0,1389015204.105,3.869468e+00,2.033220e+00,9.457779e-01,-7.646754e+00,6.288831e+01,-1.007983e+00
0,1389015204.145,3.875552e+00,2.040515e+00,9.453368e-01,-7.642260e+00,6.287994e+01,-1.008424e+00
0,1389015204.185,3.881583e+00,2.047744e+00,9.449558e-01,-7.637809e+00,6.287164e+01,-1.008805e+00
0,1389015204.225,3.887763e+00,2.055150e+00,9.445657e-01,-7.633248e+00,6.286314e+01,-1.009195e+00
0,1389015204.265,3.893760e+00,2.062342e+00,9.442299e-01,-7.628818e+00,6.285489e+01,-1.009531e+00
0,1389015204.308,3.900410e+00,2.070322e+00,9.439056e-01,-7.623901e+00,6.284574e+01,-1.009855e+00
0,1389015204.345,3.906015e+00,2.077049e+00,9.436323e-01,-7.619756e+00,6.283803e+01,-1.010129e+00
0,1389015204.386,3.912272e+00,2.084583e+00,9.434473e-01,-7.615106e+00,6.282941e+01,-1.010314e+00
0,1389015204.466,3.924399e+00,2.099206e+00,9.431639e-01,-7.606074e+00,6.281270e+01,-1.010597e+00
0,1389015204.506,3.930547e+00,2.106648e+00,9.431300e-01,-7.601468e+00,6.280421e+01,-1.010631e+00
0,1389015204.525,3.933537e+00,2.110268e+00,9.431134e-01,-7.599227e+00,6.280009e+01,-1.010648e+00
0,1389015204.547,3.936848e+00,2.114279e+00,9.431028e-01,-7.596745e+00,6.279552e+01,-1.010658e+00
0,1389015204.616,3.947444e+00,2.127198e+00,9.433452e-01,-7.588721e+00,6.278086e+01,-1.010416e+00
0,1389015204.626,3.948974e+00,2.129064e+00,9.433802e-01,-7.587562e+00,6.277874e+01,-1.010381e+00
0,1389015204.706,3.961273e+00,2.144151e+00,9.439391e-01,-7.578163e+00,6.276170e+01,-1.009822e+00
0,1389015204.787,3.973680e+00,2.159467e+00,9.447821e-01,-7.568592e+00,6.274447e+01,-1.008979e+00
0,1389015204.827,3.979830e+00,2.167091e+00,9.452889e-01,-7.563819e+00,6.273591e+01,-1.008472e+00
0,1389015204.866,3.985797e+00,2.174524e+00,9.458762e-01,-7.559154e+00,6.272760e+01,-1.007885e+00
0,1389015204.888,3.989241e+00,2.178832e+00,9.462639e-01,-7.556445e+00,6.272280e+01,-1.007497e+00
0,1389015204.913,3.992969e+00,2.183496e+00,9.466835e-01,-7.553512e+00,6.271760e+01,-1.007077e+00
0,1389015204.951,3.998816e+00,2.190822e+00,9.473696e-01,-7.548902e+00,6.270944e+01,-1.006391e+00
0,1389015204.986,4.004151e+00,2.197561e+00,9.481340e-01,-7.544644e+00,6.270197e+01,-1.005627e+00
0,1389015205.027,4.010300e+00,2.205329e+00,9.490151e-01,-7.539737e+00,6.269336e+01,-1.004746e+00
0,1389015205.066,4.016268e+00,2.212910e+00,9.499701e-01,-7.534935e+00,6.268499e+01,-1.003791e+00
0,1389015205.111,4.023046e+00,2.221562e+00,9.511549e-01,-7.529443e+00,6.267547e+01,-1.002606e+00
0,1389015205.150,4.028839e+00,2.228965e+00,9.521894e-01,-7.524741e+00,6.266734e+01,-1.001572e+00
0,1389015205.167,4.031396e+00,2.232266e+00,9.527198e-01,-7.522634e+00,6.266373e+01,-1.001041e+00
0,1389015205.188,4.034498e+00,2.236270e+00,9.533630e-01,-7.520080e+00,6.265936e+01,-1.000398e+00
0,1389015205.269,4.046520e+00,2.251843e+00,9.559737e-01,-7.510127e+00,6.264239e+01,-9.977873e-01
0,1389015205.307,4.052198e+00,2.259261e+00,9.573435e-01,-7.505368e+00,6.263435e+01,-9.964175e-01
0,1389015205.354,4.058993e+00,2.268160e+00,9.590273e-01,-7.499653e+00,6.262472e+01,-9.947337e-01
0,1389015205.389,4.064027e+00,2.274823e+00,9.604208e-01,-7.495353e+00,6.261756e+01,-9.933402e-01
0,1389015205.431,4.070171e+00,2.282955e+00,9.621214e-01,-7.490106e+00,6.260882e+01,-9.916396e-01
0,1389015205.468,4.075374e+00,2.289901e+00,9.636811e-01,-7.485608e+00,6.260140e+01,-9.900799e-01
0,1389015205.516,4.082278e+00,2.299169e+00,9.658515e-01,-7.479591e+00,6.259153e+01,-9.879095e-01
0,1389015205.548,4.086749e+00,2.305178e+00,9.672716e-01,-7.475688e+00,6.258514e+01,-9.864894e-01
0,1389015205.588,4.092355e+00,2.312818e+00,9.692474e-01,-7.470696e+00,6.257709e+01,-9.845136e-01
0,1389015205.634,4.098665e+00,2.321416e+00,9.714710e-01,-7.465079e+00,6.256802e+01,-9.822900e-01
0,1389015205.668,4.103357e+00,2.327875e+00,9.732069e-01,-7.460841e+00,6.256125e+01,-9.805541e-01
0,1389015205.710,4.108939e+00,2.335597e+00,9.753203e-01,-7.455764e+00,6.255319e+01,-9.784407e-01
0,1389015205.749,4.114295e+00,2.343019e+00,9.773532e-01,-7.450881e+00,6.254545e+01,-9.764078e-01
0,1389015205.789,4.119512e+00,2.350344e+00,9.793725e-01,-7.446036e+00,6.253787e+01,-9.743885e-01
0,1389015205.834,4.125426e+00,2.358646e+00,9.816611e-01,-7.440545e+00,6.252929e+01,-9.720999e-01
0,1389015205.869,4.129996e+00,2.365125e+00,9.833972e-01,-7.436244e+00,6.252263e+01,-9.703638e-01
0,1389015205.909,4.135163e+00,2.372484e+00,9.853412e-01,-7.431348e+00,6.251508e+01,-9.684198e-01
0,1389015205.949,4.140336e+00,2.379861e+00,9.872709e-01,-7.426438e+00,6.250753e+01,-9.664901e-01
0,1389015205.989,4.145343e+00,2.387093e+00,9.889965e-01,-7.421601e+00,6.250018e+01,-9.647645e-01
0,1389015206.029,4.150365e+00,2.394348e+00,9.907274e-01,-7.416749e+00,6.249281e+01,-9.630336e-01
0,1389015206.069,4.155255e+00,2.401468e+00,9.922551e-01,-7.411972e+00,6.248562e+01,-9.615059e-01
0,1389015206.110,4.160191e+00,2.408695e+00,9.936886e-01,-7.407113e+00,6.247834e+01,-9.600724e-01
0,1389015206.150,4.165094e+00,2.415885e+00,9.950682e-01,-7.402276e+00,6.247110e+01,-9.586928e-01
0,1389015206.189,4.169711e+00,2.422736e+00,9.960454e-01,-7.397646e+00,6.246426e+01,-9.577156e-01
0,1389015206.229,4.174465e+00,2.429790e+00,9.970517e-01,-7.392879e+00,6.245721e+01,-9.567093e-01
0,1389015206.273,4.179496e+00,2.437316e+00,9.977842e-01,-7.387779e+00,6.244974e+01,-9.559768e-01
0,1389015206.312,4.184003e+00,2.444091e+00,9.982613e-01,-7.383179e+00,6.244302e+01,-9.554997e-01
0,1389015206.349,4.188260e+00,2.450499e+00,9.986532e-01,-7.378825e+00,6.243668e+01,-9.551078e-01
0,1389015206.389,4.192661e+00,2.457199e+00,9.985225e-01,-7.374255e+00,6.243009e+01,-9.552385e-01
0,1389015206.435,4.197786e+00,2.465002e+00,9.983703e-01,-7.368933e+00,6.242243e+01,-9.553907e-01
0,1389015206.469,4.201448e+00,2.470625e+00,9.978379e-01,-7.365085e+00,6.241693e+01,-9.559231e-01
0,1389015206.510,4.205859e+00,2.477425e+00,9.969635e-01,-7.360426e+00,6.241029e+01,-9.567975e-01
0,1389015206.549,4.210114e+00,2.483993e+00,9.960318e-01,-7.355924e+00,6.240389e+01,-9.577292e-01
0,1389015206.589,4.214216e+00,2.490393e+00,9.943968e-01,-7.351521e+00,6.239770e+01,-9.593642e-01
0,1389015206.629,4.218339e+00,2.496825e+00,9.927535e-01,-7.347095e+00,6.239147e+01,-9.610075e-01
0,1389015206.670,4.222530e+00,2.503408e+00,9.905736e-01,-7.342555e+00,6.238512e+01,-9.631874e-01
0,1389015206.709,4.226470e+00,2.509624e+00,9.881954e-01,-7.338261e+00,6.237915e+01,-9.655656e-01
0,1389015206.750,4.230549e+00,2.516066e+00,9.856450e-01,-7.333810e+00,6.237295e+01,-9.681160e-01
0,1389015206.789,4.234380e+00,2.522169e+00,9.825823e-01,-7.329581e+00,6.236712e+01,-9.711787e-01
0,1389015206.829,4.238253e+00,2.528338e+00,9.794864e-01,-7.325307e+00,6.236122e+01,-9.742746e-01
0,1389015206.869,4.242134e+00,2.534548e+00,9.759738e-01,-7.320996e+00,6.235530e+01,-9.777872e-01
0,1389015206.909,4.245958e+00,2.540686e+00,9.722209e-01,-7.316731e+00,6.234946e+01,-9.815401e-01
0,1389015206.949,4.249808e+00,2.546872e+00,9.683844e-01,-7.312433e+00,6.234358e+01,-9.853766e-01
0,1389015206.991,4.253762e+00,2.553257e+00,9.638544e-01,-7.307988e+00,6.233753e+01,-9.899066e-01
0,1389015207.035,4.257956e+00,2.560030e+00,9.590491e-01,-7.303272e+00,6.233111e+01,-9.947119e-01
0,1389015207.070,4.261231e+00,2.565334e+00,9.549636e-01,-7.299576e+00,6.232609e+01,-9.987974e-01
0,1389015207.109,4.264884e+00,2.571257e+00,9.502575e-01,-7.295448e+00,6.232048e+01,-1.003503e+00
0,1389015207.149,4.268581e+00,2.577251e+00,9.454541e-01,-7.291269e+00,6.231481e+01,-1.008307e+00
0,1389015207.194,4.272748e+00,2.584020e+00,9.395959e-01,-7.286548e+00,6.230842e+01,-1.014165e+00
0,1389015207.231,4.276190e+00,2.589609e+00,9.347581e-01,-7.282649e+00,6.230314e+01,-1.019003e+00
0,1389015207.276,4.280405e+00,2.596453e+00,9.285760e-01,-7.277877e+00,6.229667e+01,-1.025185e+00
0,1389015207.310,4.283631e+00,2.601687e+00,9.237531e-01,-7.274226e+00,6.229172e+01,-1.030008e+00
0,1389015207.350,4.287340e+00,2.607706e+00,9.181778e-01,-7.270030e+00,6.228603e+01,-1.035583e+00
0,1389015207.396,4.291654e+00,2.614689e+00,9.114648e-01,-7.265165e+00,6.227942e+01,-1.042296e+00
0,1389015207.438,4.295649e+00,2.621155e+00,9.052480e-01,-7.260660e+00,6.227330e+01,-1.048513e+00
0,1389015207.469,4.298535e+00,2.625809e+00,9.006865e-01,-7.257422e+00,6.226889e+01,-1.053074e+00
0,1389015207.509,4.302447e+00,2.632110e+00,8.944758e-01,-7.253039e+00,6.226290e+01,-1.059285e+00
0,1389015207.549,4.306271e+00,2.638263e+00,8.884038e-01,-7.248760e+00,6.225706e+01,-1.065357e+00
0,1389015207.588,4.310096e+00,2.644374e+00,8.823165e-01,-7.244522e+00,6.225122e+01,-1.071444e+00
0,1389015207.638,4.314978e+00,2.652170e+00,8.745496e-01,-7.239114e+00,6.224378e+01,-1.079211e+00
0,1389015207.668,4.317962e+00,2.656864e+00,8.698451e-01,-7.235875e+00,6.223926e+01,-1.083916e+00
0,1389015207.709,4.322085e+00,2.663321e+00,8.633638e-01,-7.231427e+00,6.223302e+01,-1.090397e+00
0,1389015207.750,4.326129e+00,2.669632e+00,8.570222e-01,-7.227085e+00,6.222691e+01,-1.096739e+00
0,1389015207.796,4.330924e+00,2.676896e+00,8.496684e-01,-7.222138e+00,6.221975e+01,-1.104093e+00
0,1389015207.829,4.334370e+00,2.682118e+00,8.443820e-01,-7.218582e+00,6.221461e+01,-1.109379e+00
0,1389015207.869,4.338567e+00,2.688305e+00,8.380844e-01,-7.214411e+00,6.220840e+01,-1.115677e+00
0,1389015207.910,4.343031e+00,2.694768e+00,8.314820e-01,-7.210085e+00,6.220184e+01,-1.122279e+00
0,1389015207.950,4.347341e+00,2.700964e+00,8.251445e-01,-7.205948e+00,6.219553e+01,-1.128617e+00
0,1389015207.997,4.352591e+00,2.708134e+00,8.177445e-01,-7.201259e+00,6.218798e+01,-1.136016e+00
0,1389015208.029,4.356229e+00,2.713104e+00,8.126146e-01,-7.198009e+00,6.218275e+01,-1.141146e+00
0,1389015208.069,4.360847e+00,2.719153e+00,8.063286e-01,-7.194123e+00,6.217621e+01,-1.147432e+00
0,1389015208.109,4.365585e+00,2.725187e+00,8.000296e-01,-7.190297e+00,6.216956e+01,-1.153731e+00
0,1389015208.151,4.370537e+00,2.731423e+00,7.935078e-01,-7.186364e+00,6.216263e+01,-1.160253e+00
0,1389015208.189,4.375273e+00,2.736978e+00,7.876310e-01,-7.182980e+00,6.215617e+01,-1.166130e+00
0,1389015208.242,4.381813e+00,2.744650e+00,7.795154e-01,-7.178307e+00,6.214723e+01,-1.174246e+00
0,1389015208.269,4.385359e+00,2.748478e+00,7.754120e-01,-7.176082e+00,6.214251e+01,-1.178349e+00
0,1389015208.310,4.390703e+00,2.754184e+00,7.692850e-01,-7.172787e+00,6.213542e+01,-1.184476e+00
0,1389015208.351,4.396004e+00,2.759762e+00,7.632806e-01,-7.169594e+00,6.212842e+01,-1.190480e+00
0,1389015208.390,4.401384e+00,2.764921e+00,7.576404e-01,-7.166819e+00,6.212150e+01,-1.196121e+00
0,1389015208.433,4.407320e+00,2.770613e+00,7.514175e-01,-7.163757e+00,6.211387e+01,-1.202344e+00
0,1389015208.470,4.412602e+00,2.775288e+00,7.462352e-01,-7.161394e+00,6.210723e+01,-1.207526e+00
0,1389015208.510,4.418487e+00,2.780287e+00,7.406529e-01,-7.158957e+00,6.209990e+01,-1.213108e+00
0,1389015208.550,4.424399e+00,2.785227e+00,7.351200e-01,-7.156584e+00,6.209257e+01,-1.218641e+00
0,1389015208.592,4.430783e+00,2.789974e+00,7.296834e-01,-7.154566e+00,6.208487e+01,-1.224078e+00
0,1389015208.630,4.436738e+00,2.794402e+00,7.246119e-01,-7.152684e+00,6.207770e+01,-1.229149e+00
0,1389015208.670,4.443104e+00,2.798779e+00,7.195173e-01,-7.151002e+00,6.207015e+01,-1.234244e+00
0,1389015208.711,4.449732e+00,2.803124e+00,7.144081e-01,-7.149449e+00,6.206238e+01,-1.239353e+00
0,1389015208.750,4.456092e+00,2.807233e+00,7.095613e-01,-7.148014e+00,6.205495e+01,-1.244200e+00
0,1389015208.792,4.463100e+00,2.811334e+00,7.046114e-01,-7.146829e+00,6.204692e+01,-1.249150e+00
0,1389015208.830,4.469400e+00,2.815021e+00,7.001612e-01,-7.145764e+00,6.203969e+01,-1.253600e+00
0,1389015208.910,4.483139e+00,2.822433e+00,6.910318e-01,-7.144022e+00,6.202418e+01,-1.262729e+00
0,1389015208.950,4.490153e+00,2.826101e+00,6.864774e-01,-7.143241e+00,6.201631e+01,-1.267284e+00
0,1389015208.970,4.493620e+00,2.827780e+00,6.843490e-01,-7.142979e+00,6.201246e+01,-1.269412e+00
0,1389015208.999,4.498748e+00,2.830262e+00,6.812017e-01,-7.142593e+00,6.200678e+01,-1.272559e+00
0,1389015209.030,4.504153e+00,2.832879e+00,6.778840e-01,-7.142186e+00,6.200079e+01,-1.275877e+00
0,1389015209.070,4.511227e+00,2.836149e+00,6.736829e-01,-7.141795e+00,6.199300e+01,-1.280078e+00
0,1389015209.092,4.515067e+00,2.837874e+00,6.714485e-01,-7.141630e+00,6.198880e+01,-1.282313e+00
0,1389015209.130,4.521887e+00,2.840939e+00,6.674792e-01,-7.141336e+00,6.198133e+01,-1.286282e+00
0,1389015209.153,4.525883e+00,2.842700e+00,6.651850e-01,-7.141196e+00,6.197696e+01,-1.288576e+00
0,1389015209.232,4.539993e+00,2.848673e+00,6.573081e-01,-7.140928e+00,6.196164e+01,-1.296453e+00
0,1389015209.270,4.546761e+00,2.851459e+00,6.536011e-01,-7.140872e+00,6.195432e+01,-1.300160e+00
0,1389015209.310,4.553916e+00,2.854360e+00,6.497225e-01,-7.140855e+00,6.194660e+01,-1.304039e+00
0,1389015209.353,4.561409e+00,2.857385e+00,6.456731e-01,-7.140850e+00,6.193852e+01,-1.308088e+00
0,1389015209.394,4.568595e+00,2.860225e+00,6.418432e-01,-7.140900e+00,6.193079e+01,-1.311918e+00
0,1389015209.435,4.575855e+00,2.863096e+00,6.379734e-01,-7.140950e+00,6.192299e+01,-1.315788e+00
0,1389015209.470,4.581841e+00,2.865453e+00,6.347902e-01,-7.141001e+00,6.191655e+01,-1.318971e+00
0,1389015209.510,4.588702e+00,2.868150e+00,6.311456e-01,-7.141062e+00,6.190918e+01,-1.322615e+00
0,1389015209.558,4.596801e+00,2.871345e+00,6.268338e-01,-7.141126e+00,6.190048e+01,-1.326927e+00
0,1389015209.591,4.602307e+00,2.873536e+00,6.238860e-01,-7.141151e+00,6.189455e+01,-1.329875e+00
0,1389015209.632,4.609113e+00,2.876244e+00,6.202417e-01,-7.141182e+00,6.188722e+01,-1.333519e+00
0,1389015209.671,4.615460e+00,2.878796e+00,6.168312e-01,-7.141187e+00,6.188038e+01,-1.336930e+00
0,1389015209.710,4.621915e+00,2.881405e+00,6.133560e-01,-7.141179e+00,6.187342e+01,-1.340405e+00
0,1389015209.757,4.629384e+00,2.884435e+00,6.093353e-01,-7.141159e+00,6.186536e+01,-1.344426e+00
0,1389015209.791,4.634772e+00,2.886647e+00,6.064362e-01,-7.141121e+00,6.185954e+01,-1.347325e+00
0,1389015209.832,4.641236e+00,2.889300e+00,6.029582e-01,-7.141075e+00,6.185255e+01,-1.350803e+00
0,1389015209.871,4.647440e+00,2.891872e+00,5.996357e-01,-7.141008e+00,6.184583e+01,-1.354125e+00
0,1389015209.912,4.653850e+00,2.894543e+00,5.962122e-01,-7.140925e+00,6.183889e+01,-1.357549e+00
0,1389015209.952,4.659982e+00,2.897105e+00,5.929447e-01,-7.140841e+00,6.183225e+01,-1.360816e+00
0,1389015209.992,4.666087e+00,2.899685e+00,5.897308e-01,-7.140729e+00,6.182562e+01,-1.364030e+00
0,1389015210.032,4.672268e+00,2.902298e+00,5.864766e-01,-7.140615e+00,6.181891e+01,-1.367284e+00
0,1389015210.073,4.678444e+00,2.904933e+00,5.832727e-01,-7.140479e+00,6.181220e+01,-1.370488e+00
0,1389015210.112,4.684459e+00,2.907510e+00,5.801749e-01,-7.140336e+00,6.180565e+01,-1.373586e+00
0,1389015210.156,4.691120e+00,2.910372e+00,5.767702e-01,-7.140170e+00,6.179841e+01,-1.376991e+00
0,1389015210.207,4.698801e+00,2.913704e+00,5.729308e-01,-7.139949e+00,6.179004e+01,-1.380830e+00
0,1389015210.235,4.702957e+00,2.915507e+00,5.708536e-01,-7.139830e+00,6.178551e+01,-1.382907e+00
0,1389015210.273,4.708767e+00,2.918048e+00,5.680291e-01,-7.139644e+00,6.177917e+01,-1.385732e+00
0,1389015210.314,4.714843e+00,2.920714e+00,5.651064e-01,-7.139442e+00,6.177254e+01,-1.388655e+00
0,1389015210.355,4.721162e+00,2.923493e+00,5.621013e-01,-7.139225e+00,6.176564e+01,-1.391660e+00
0,1389015210.396,4.727361e+00,2.926240e+00,5.592569e-01,-7.138994e+00,6.175886e+01,-1.394504e+00
0,1389015210.439,4.733810e+00,2.929098e+00,5.562975e-01,-7.138753e+00,6.175181e+01,-1.397463e+00
0,1389015210.474,4.739135e+00,2.931474e+00,5.539646e-01,-7.138538e+00,6.174598e+01,-1.399796e+00
0,1389015210.514,4.745228e+00,2.934198e+00,5.513217e-01,-7.138289e+00,6.173931e+01,-1.402439e+00
0,1389015210.555,4.751548e+00,2.937027e+00,5.486235e-01,-7.138026e+00,6.173240e+01,-1.405138e+00
0,1389015210.596,4.757863e+00,2.939871e+00,5.460583e-01,-7.137748e+00,6.172547e+01,-1.407703e+00
0,1389015210.638,4.764268e+00,2.942755e+00,5.434568e-01,-7.137466e+00,6.171846e+01,-1.410304e+00
0,1389015210.674,4.769944e+00,2.945324e+00,5.412826e-01,-7.137204e+00,6.171223e+01,-1.412478e+00
0,1389015210.714,4.776193e+00,2.948156e+00,5.389259e-01,-7.136912e+00,6.170538e+01,-1.414835e+00
0,1389015210.763,4.783818e+00,2.951620e+00,5.361340e-01,-7.136549e+00,6.169701e+01,-1.417627e+00
0,1389015210.811,4.791426e+00,2.955089e+00,5.334964e-01,-7.136173e+00,6.168866e+01,-1.420265e+00
0,1389015210.837,4.795661e+00,2.957021e+00,5.320280e-01,-7.135965e+00,6.168401e+01,-1.421733e+00
0,1389015210.874,4.801531e+00,2.959709e+00,5.301402e-01,-7.135664e+00,6.167756e+01,-1.423621e+00
0,1389015210.917,4.808388e+00,2.962854e+00,5.279799e-01,-7.135310e+00,6.167002e+01,-1.425781e+00
0,1389015210.954,4.814381e+00,2.965606e+00,5.261414e-01,-7.134996e+00,6.166343e+01,-1.427620e+00
0,1389015210.994,4.820802e+00,2.968566e+00,5.243301e-01,-7.134651e+00,6.165637e+01,-1.429431e+00
0,1389015211.037,4.827772e+00,2.971778e+00,5.223641e-01,-7.134275e+00,6.164871e+01,-1.431397e+00
0,1389015211.074,4.833843e+00,2.974587e+00,5.208154e-01,-7.133938e+00,6.164203e+01,-1.432946e+00
0,1389015211.120,4.841298e+00,2.978039e+00,5.189675e-01,-7.133522e+00,6.163382e+01,-1.434794e+00
0,1389015211.155,4.846953e+00,2.980661e+00,5.176207e-01,-7.133203e+00,6.162760e+01,-1.436140e+00
0,1389015211.194,4.853541e+00,2.983725e+00,5.162214e-01,-7.132823e+00,6.162034e+01,-1.437540e+00
0,1389015211.238,4.860806e+00,2.987104e+00,5.146781e-01,-7.132404e+00,6.161234e+01,-1.439083e+00
0,1389015211.275,4.866873e+00,2.989933e+00,5.135710e-01,-7.132046e+00,6.160565e+01,-1.440190e+00
0,1389015211.316,4.873695e+00,2.993118e+00,5.123721e-01,-7.131641e+00,6.159814e+01,-1.441389e+00
0,1389015211.355,4.880260e+00,2.996186e+00,5.112810e-01,-7.131249e+00,6.159090e+01,-1.442480e+00
0,1389015211.375,4.883635e+00,2.997767e+00,5.108159e-01,-7.131044e+00,6.158718e+01,-1.442945e+00
0,1389015211.395,4.886988e+00,2.999337e+00,5.103538e-01,-7.130840e+00,6.158348e+01,-1.443407e+00
0,1389015211.440,4.894639e+00,3.002921e+00,5.092996e-01,-7.130374e+00,6.157505e+01,-1.444461e+00
0,1389015211.476,4.900621e+00,3.005731e+00,5.086771e-01,-7.130004e+00,6.156845e+01,-1.445084e+00
0,1389015211.518,4.907812e+00,3.009110e+00,5.079675e-01,-7.129557e+00,6.156052e+01,-1.445793e+00
0,1389015211.555,4.914210e+00,3.012116e+00,5.074038e-01,-7.129159e+00,6.155346e+01,-1.446357e+00
0,1389015211.597,4.921413e+00,3.015502e+00,5.069719e-01,-7.128709e+00,6.154551e+01,-1.446789e+00
0,1389015211.638,4.928436e+00,3.018804e+00,5.065507e-01,-7.128271e+00,6.153776e+01,-1.447210e+00
0,1389015211.676,4.934937e+00,3.021837e+00,5.063347e-01,-7.127887e+00,6.153060e+01,-1.447426e+00
0,1389015211.721,4.942887e+00,3.025540e+00,5.061184e-01,-7.127423e+00,6.152184e+01,-1.447643e+00
0,1389015211.757,4.949058e+00,3.028395e+00,5.060033e-01,-7.127081e+00,6.151505e+01,-1.447758e+00
0,1389015211.797,4.956102e+00,3.031609e+00,5.059923e-01,-7.126731e+00,6.150732e+01,-1.447769e+00
0,1389015211.842,4.964147e+00,3.035281e+00,5.059798e-01,-7.126332e+00,6.149848e+01,-1.447781e+00
0,1389015211.877,4.970275e+00,3.037997e+00,5.060754e-01,-7.126103e+00,6.149178e+01,-1.447686e+00
0,1389015211.942,4.981909e+00,3.043141e+00,5.062740e-01,-7.125679e+00,6.147907e+01,-1.447487e+00
0,1389015211.957,4.984792e+00,3.044374e+00,5.063496e-01,-7.125612e+00,6.147593e+01,-1.447411e+00
0,1389015211.998,4.992151e+00,3.047490e+00,5.065620e-01,-7.125471e+00,6.146794e+01,-1.447199e+00
0,1389015212.044,5.000604e+00,3.051070e+00,5.068060e-01,-7.125310e+00,6.145877e+01,-1.446955e+00
0,1389015212.078,5.006901e+00,3.053598e+00,5.070198e-01,-7.125317e+00,6.145198e+01,-1.446741e+00
0,1389015212.124,5.015623e+00,3.057094e+00,5.073176e-01,-7.125334e+00,6.144258e+01,-1.446443e+00
0,1389015212.159,5.022136e+00,3.059635e+00,5.075376e-01,-7.125411e+00,6.143559e+01,-1.446223e+00
0,1389015212.204,5.030676e+00,3.062832e+00,5.078214e-01,-7.125636e+00,6.142648e+01,-1.445940e+00
0,1389015212.240,5.037657e+00,3.065446e+00,5.080535e-01,-7.125820e+00,6.141902e+01,-1.445708e+00
0,1389015212.279,5.045279e+00,3.068103e+00,5.082626e-01,-7.126204e+00,6.141096e+01,-1.445498e+00
0,1389015212.320,5.053256e+00,3.070855e+00,5.084748e-01,-7.126633e+00,6.140253e+01,-1.445286e+00
0,1389015212.359,5.060923e+00,3.073411e+00,5.086464e-01,-7.127126e+00,6.139447e+01,-1.445115e+00
0,1389015212.399,5.068998e+00,3.075936e+00,5.087651e-01,-7.127802e+00,6.138603e+01,-1.444996e+00
0,1389015212.440,5.077340e+00,3.078544e+00,5.088877e-01,-7.128500e+00,6.137732e+01,-1.444873e+00
0,1389015212.483,5.086106e+00,3.081016e+00,5.088871e-01,-7.129482e+00,6.136827e+01,-1.444874e+00
0,1389015212.520,5.093818e+00,3.083161e+00,5.088718e-01,-7.130375e+00,6.136031e+01,-1.444889e+00
0,1389015212.560,5.102164e+00,3.085378e+00,5.087960e-01,-7.131438e+00,6.135174e+01,-1.444965e+00
0,1389015212.600,5.110833e+00,3.087496e+00,5.086120e-01,-7.132712e+00,6.134291e+01,-1.445149e+00
0,1389015212.643,5.119914e+00,3.089714e+00,5.084193e-01,-7.134048e+00,6.133366e+01,-1.445342e+00
0,1389015212.679,5.127942e+00,3.091488e+00,5.081247e-01,-7.135402e+00,6.132555e+01,-1.445636e+00
0,1389015212.720,5.136740e+00,3.093419e+00,5.077926e-01,-7.136899e+00,6.131667e+01,-1.445968e+00
0,1389015212.760,5.145713e+00,3.095335e+00,5.074090e-01,-7.138475e+00,6.130763e+01,-1.446352e+00
0,1389015212.801,5.154794e+00,3.097186e+00,5.069460e-01,-7.140151e+00,6.129851e+01,-1.446815e+00
0,1389015212.840,5.163660e+00,3.098993e+00,5.064939e-01,-7.141787e+00,6.128961e+01,-1.447267e+00
0,1389015212.886,5.174022e+00,3.101042e+00,5.058700e-01,-7.143759e+00,6.127924e+01,-1.447891e+00
0,1389015212.921,5.182067e+00,3.102627e+00,5.053771e-01,-7.145295e+00,6.127118e+01,-1.448384e+00
0,1389015212.960,5.191055e+00,3.104402e+00,5.047997e-01,-7.147007e+00,6.126218e+01,-1.448961e+00
0,1389015213.000,5.200271e+00,3.106229e+00,5.041654e-01,-7.148756e+00,6.125295e+01,-1.449596e+00
0,1389015213.042,5.210024e+00,3.108163e+00,5.034942e-01,-7.150607e+00,6.124318e+01,-1.450267e+00
0,1389015213.081,5.218946e+00,3.110007e+00,5.028383e-01,-7.152230e+00,6.123422e+01,-1.450923e+00
0,1389015213.121,5.228397e+00,3.111967e+00,5.021401e-01,-7.153944e+00,6.122472e+01,-1.451621e+00
0,1389015213.161,5.237917e+00,3.114004e+00,5.014268e-01,-7.155611e+00,6.121513e+01,-1.452334e+00
0,1389015213.202,5.247578e+00,3.116168e+00,5.006874e-01,-7.157214e+00,6.120536e+01,-1.453074e+00
0,1389015213.221,5.252070e+00,3.117175e+00,5.003437e-01,-7.157959e+00,6.120081e+01,-1.453417e+00
0,1389015213.246,5.257817e+00,3.118465e+00,4.999038e-01,-7.158910e+00,6.119500e+01,-1.453857e+00
0,1389015213.261,5.261552e+00,3.119392e+00,4.996167e-01,-7.159446e+00,6.119119e+01,-1.454144e+00
0,1389015213.322,5.276027e+00,3.122984e+00,4.985039e-01,-7.161523e+00,6.117642e+01,-1.455257e+00
0,1389015213.362,5.285586e+00,3.125487e+00,4.977769e-01,-7.162773e+00,6.116662e+01,-1.455984e+00
0,1389015213.405,5.295638e+00,3.128302e+00,4.970233e-01,-7.163918e+00,6.115624e+01,-1.456738e+00
0,1389015213.453,5.307172e+00,3.131606e+00,4.961664e-01,-7.165163e+00,6.114431e+01,-1.457595e+00
0,1389015213.490,5.316085e+00,3.134455e+00,4.955352e-01,-7.165851e+00,6.113498e+01,-1.458226e+00
0,1389015213.524,5.324074e+00,3.137009e+00,4.949695e-01,-7.166468e+00,6.112661e+01,-1.458791e+00
0,1389015213.565,5.333739e+00,3.140302e+00,4.943130e-01,-7.167025e+00,6.111642e+01,-1.459448e+00
0,1389015213.583,5.338087e+00,3.141884e+00,4.940313e-01,-7.167182e+00,6.111180e+01,-1.459730e+00
0,1389015213.608,5.343983e+00,3.144029e+00,4.936493e-01,-7.167396e+00,6.110552e+01,-1.460112e+00
0,1389015213.646,5.353167e+00,3.147379e+00,4.930559e-01,-7.167720e+00,6.109575e+01,-1.460705e+00
0,1389015213.684,5.362202e+00,3.151012e+00,4.925309e-01,-7.167726e+00,6.108602e+01,-1.461230e+00
0,1389015213.725,5.371896e+00,3.154910e+00,4.919676e-01,-7.167733e+00,6.107557e+01,-1.461793e+00
0,1389015213.764,5.381391e+00,3.158868e+00,4.914481e-01,-7.167610e+00,6.106528e+01,-1.462313e+00
0,1389015213.814,5.393289e+00,3.164014e+00,4.908404e-01,-7.167283e+00,6.105232e+01,-1.462921e+00
0,1389015213.847,5.401337e+00,3.167504e+00,4.904326e-01,-7.167052e+00,6.104355e+01,-1.463328e+00
0,1389015213.885,5.410523e+00,3.171681e+00,4.900302e-01,-7.166611e+00,6.103347e+01,-1.463731e+00
0,1389015213.925,5.420377e+00,3.176161e+00,4.895986e-01,-7.166137e+00,6.102266e+01,-1.464162e+00
0,1389015213.966,5.430456e+00,3.180815e+00,4.891949e-01,-7.165587e+00,6.101157e+01,-1.464566e+00
0,1389015214.007,5.440828e+00,3.185675e+00,4.888171e-01,-7.164954e+00,6.100013e+01,-1.464944e+00
0,1389015214.047,5.450769e+00,3.190337e+00,4.884591e-01,-7.164345e+00,6.098917e+01,-1.465302e+00
0,1389015214.085,5.460379e+00,3.194897e+00,4.881800e-01,-7.163706e+00,6.097855e+01,-1.465581e+00
0,1389015214.125,5.470644e+00,3.199768e+00,4.878818e-01,-7.163024e+00,6.096721e+01,-1.465879e+00
0,1389015214.167,5.481445e+00,3.204883e+00,4.876098e-01,-7.162315e+00,6.095528e+01,-1.466151e+00
0,1389015214.219,5.495181e+00,3.211379e+00,4.873105e-01,-7.161423e+00,6.094011e+01,-1.466450e+00
0,1389015214.247,5.502414e+00,3.214795e+00,4.871565e-01,-7.160957e+00,6.093213e+01,-1.466604e+00
0,1389015214.286,5.513037e+00,3.219728e+00,4.870001e-01,-7.160351e+00,6.092043e+01,-1.466761e+00
0,1389015214.327,5.524154e+00,3.224890e+00,4.868364e-01,-7.159717e+00,6.090819e+01,-1.466925e+00
0,1389015214.367,5.535223e+00,3.229938e+00,4.867157e-01,-7.159171e+00,6.089604e+01,-1.467045e+00
0,1389015214.413,5.547989e+00,3.235678e+00,4.866142e-01,-7.158617e+00,6.088205e+01,-1.467147e+00
0,1389015214.469,5.563892e+00,3.242691e+00,4.865320e-01,-7.158055e+00,6.086468e+01,-1.467229e+00
0,1389015214.527,5.580927e+00,3.250009e+00,4.865060e-01,-7.157632e+00,6.084614e+01,-1.467255e+00
0,1389015214.571,5.593950e+00,3.255433e+00,4.865295e-01,-7.157468e+00,6.083204e+01,-1.467232e+00
0,1389015214.613,5.606612e+00,3.260595e+00,4.865804e-01,-7.157410e+00,6.081836e+01,-1.467181e+00
0,1389015214.656,5.619849e+00,3.265933e+00,4.866462e-01,-7.157405e+00,6.080409e+01,-1.467115e+00
0,1389015214.690,5.630298e+00,3.270015e+00,4.867262e-01,-7.157524e+00,6.079287e+01,-1.467035e+00
0,1389015214.729,5.642404e+00,3.274743e+00,4.868189e-01,-7.157662e+00,6.077988e+01,-1.466942e+00
0,1389015214.755,5.650608e+00,3.277910e+00,4.868872e-01,-7.157790e+00,6.077108e+01,-1.466874e+00
0,1389015214.769,5.655179e+00,3.279639e+00,4.869304e-01,-7.157894e+00,6.076620e+01,-1.466831e+00
0,1389015214.791,5.662121e+00,3.282265e+00,4.869961e-01,-7.158052e+00,6.075878e+01,-1.466765e+00
0,1389015214.863,5.685000e+00,3.290875e+00,4.872132e-01,-7.158616e+00,6.073434e+01,-1.466548e+00
0,1389015214.929,5.706427e+00,3.298808e+00,4.874183e-01,-7.159264e+00,6.071150e+01,-1.466343e+00
0,1389015214.949,5.712923e+00,3.301207e+00,4.874784e-01,-7.159465e+00,6.070458e+01,-1.466283e+00
0,1389015215.049,5.745117e+00,3.312994e+00,4.877339e-01,-7.160563e+00,6.067031e+01,-1.466027e+00
0,1389015215.090,5.758025e+00,3.317716e+00,4.877974e-01,-7.161007e+00,6.065657e+01,-1.465964e+00
0,1389015215.130,5.770896e+00,3.322423e+00,4.878606e-01,-7.161449e+00,6.064288e+01,-1.465900e+00
0,1389015215.170,5.783752e+00,3.327153e+00,4.878852e-01,-7.161866e+00,6.062918e+01,-1.465876e+00
0,1389015215.190,5.789911e+00,3.329428e+00,4.878852e-01,-7.162058e+00,6.062262e+01,-1.465876e+00
0,1389015215.209,5.796214e+00,3.331755e+00,4.878853e-01,-7.162254e+00,6.061591e+01,-1.465876e+00
0,1389015215.249,5.808819e+00,3.336419e+00,4.878765e-01,-7.162638e+00,6.060247e+01,-1.465885e+00
0,1389015215.289,5.821197e+00,3.341083e+00,4.877917e-01,-7.162937e+00,6.058925e+01,-1.465969e+00
0,1389015215.329,5.833516e+00,3.345725e+00,4.877072e-01,-7.163234e+00,6.057608e+01,-1.466054e+00
0,1389015215.370,5.845837e+00,3.350458e+00,4.875555e-01,-7.163449e+00,6.056289e+01,-1.466205e+00
0,1389015215.411,5.858147e+00,3.355246e+00,4.873587e-01,-7.163608e+00,6.054968e+01,-1.466402e+00
0,1389015215.450,5.869730e+00,3.359773e+00,4.871582e-01,-7.163737e+00,6.053724e+01,-1.466603e+00
0,1389015215.490,5.881216e+00,3.364442e+00,4.868378e-01,-7.163698e+00,6.052485e+01,-1.466923e+00
0,1389015215.530,5.892775e+00,3.369140e+00,4.865155e-01,-7.163660e+00,6.051237e+01,-1.467246e+00
0,1389015215.571,5.904210e+00,3.373932e+00,4.860944e-01,-7.163488e+00,6.049997e+01,-1.467667e+00
0,1389015215.613,5.915703e+00,3.378839e+00,4.856068e-01,-7.163231e+00,6.048748e+01,-1.468154e+00
0,1389015215.650,5.925708e+00,3.383129e+00,4.851644e-01,-7.162990e+00,6.047659e+01,-1.468597e+00
0,1389015215.690,5.936212e+00,3.387782e+00,4.845548e-01,-7.162599e+00,6.046511e+01,-1.469206e+00
0,1389015215.730,5.946686e+00,3.392421e+00,4.839468e-01,-7.162210e+00,6.045366e+01,-1.469814e+00
0,1389015215.771,5.957395e+00,3.397225e+00,4.832188e-01,-7.161755e+00,6.044194e+01,-1.470542e+00
0,1389015215.813,5.967937e+00,3.401991e+00,4.824369e-01,-7.161274e+00,6.043038e+01,-1.471324e+00
0,1389015215.850,5.977247e+00,3.406202e+00,4.817287e-01,-7.160847e+00,6.042017e+01,-1.472032e+00
0,1389015215.890,5.987162e+00,3.410698e+00,4.808330e-01,-7.160382e+00,6.040929e+01,-1.472928e+00
0,1389015215.930,5.997127e+00,3.415217e+00,4.799327e-01,-7.159914e+00,6.039836e+01,-1.473828e+00
0,1389015215.970,6.006959e+00,3.419632e+00,4.789491e-01,-7.159492e+00,6.038759e+01,-1.474812e+00
0,1389015216.016,6.018045e+00,3.424581e+00,4.777734e-01,-7.159045e+00,6.037546e+01,-1.475988e+00
0,1389015216.050,6.026386e+00,3.428286e+00,4.768724e-01,-7.158724e+00,6.036634e+01,-1.476889e+00
0,1389015216.090,6.036106e+00,3.432473e+00,4.756984e-01,-7.158473e+00,6.035575e+01,-1.478063e+00
0,1389015216.130,6.045973e+00,3.436723e+00,4.745068e-01,-7.158218e+00,6.034501e+01,-1.479254e+00
0,1389015216.171,6.055815e+00,3.440813e+00,4.732352e-01,-7.158102e+00,6.033436e+01,-1.480526e+00
0,1389015216.210,6.065450e+00,3.444732e+00,4.719439e-01,-7.158067e+00,6.032396e+01,-1.481817e+00
0,1389015216.250,6.075221e+00,3.448670e+00,4.706206e-01,-7.158065e+00,6.031342e+01,-1.483140e+00
0,1389015216.290,6.085261e+00,3.452442e+00,4.691607e-01,-7.158318e+00,6.030270e+01,-1.484600e+00
0,1389015216.330,6.095158e+00,3.456161e+00,4.677215e-01,-7.158567e+00,6.029213e+01,-1.486039e+00
0,1389015216.376,6.106694e+00,3.460205e+00,4.659715e-01,-7.159127e+00,6.027992e+01,-1.487789e+00
0,1389015216.391,6.110623e+00,3.461536e+00,4.653639e-01,-7.159361e+00,6.027578e+01,-1.488397e+00
0,1389015216.411,6.115592e+00,3.463218e+00,4.645952e-01,-7.159657e+00,6.027054e+01,-1.489166e+00
0,1389015216.491,6.136473e+00,3.469790e+00,4.612805e-01,-7.161364e+00,6.024871e+01,-1.492481e+00
0,1389015216.531,6.147189e+00,3.472975e+00,4.595473e-01,-7.162414e+00,6.023758e+01,-1.494214e+00
0,1389015216.550,6.152367e+00,3.474456e+00,4.587026e-01,-7.162975e+00,6.023223e+01,-1.495058e+00
0,1389015216.571,6.158175e+00,3.475948e+00,4.577333e-01,-7.163762e+00,6.022628e+01,-1.496028e+00
0,1389015216.612,6.169252e+00,3.478792e+00,4.558850e-01,-7.165262e+00,6.021495e+01,-1.497876e+00
0,1389015216.650,6.179977e+00,3.481500e+00,4.540894e-01,-7.166758e+00,6.020399e+01,-1.499672e+00
0,1389015216.691,6.191466e+00,3.484086e+00,4.521267e-01,-7.168652e+00,6.019236e+01,-1.501634e+00
0,1389015216.732,6.203194e+00,3.486726e+00,4.501230e-01,-7.170586e+00,6.018050e+01,-1.503638e+00
0,1389015216.773,6.215208e+00,3.489237e+00,4.480455e-01,-7.172747e+00,6.016842e+01,-1.505715e+00
0,1389015216.810,6.226014e+00,3.491415e+00,4.461667e-01,-7.174765e+00,6.015758e+01,-1.507594e+00
0,1389015216.851,6.237840e+00,3.493770e+00,4.441065e-01,-7.176999e+00,6.014573e+01,-1.509654e+00
0,1389015216.891,6.249712e+00,3.495967e+00,4.420157e-01,-7.179397e+00,6.013390e+01,-1.511745e+00
0,1389015216.931,6.261580e+00,3.498163e+00,4.399255e-01,-7.181795e+00,6.012207e+01,-1.513836e+00
0,1389015216.972,6.273927e+00,3.500366e+00,4.377386e-01,-7.184365e+00,6.010979e+01,-1.516022e+00
0,1389015217.011,6.285506e+00,3.502392e+00,4.356816e-01,-7.186813e+00,6.009829e+01,-1.518079e+00
0,1389015217.050,6.297370e+00,3.504461e+00,4.335727e-01,-7.189327e+00,6.008652e+01,-1.520188e+00
0,1389015217.093,6.310089e+00,3.506634e+00,4.313024e-01,-7.192064e+00,6.007391e+01,-1.522459e+00
0,1389015217.131,6.321723e+00,3.508622e+00,4.292256e-01,-7.194567e+00,6.006237e+01,-1.524535e+00
0,1389015217.171,6.333674e+00,3.510678e+00,4.270906e-01,-7.197126e+00,6.005052e+01,-1.526670e+00
0,1389015217.211,6.345718e+00,3.512757e+00,4.249380e-01,-7.199698e+00,6.003857e+01,-1.528823e+00
0,1389015217.251,6.357648e+00,3.514829e+00,4.228065e-01,-7.202234e+00,6.002673e+01,-1.530955e+00
0,1389015217.291,6.369486e+00,3.516963e+00,4.206958e-01,-7.204678e+00,6.001495e+01,-1.533065e+00
0,1389015217.332,6.381781e+00,3.519180e+00,4.185034e-01,-7.207216e+00,6.000272e+01,-1.535258e+00
0,1389015217.371,6.393277e+00,3.521359e+00,4.164618e-01,-7.209491e+00,5.999124e+01,-1.537299e+00
0,1389015217.411,6.405028e+00,3.523641e+00,4.143792e-01,-7.211765e+00,5.997949e+01,-1.539382e+00
0,1389015217.451,6.416741e+00,3.525953e+00,4.123066e-01,-7.213998e+00,5.996776e+01,-1.541454e+00
0,1389015217.491,6.427991e+00,3.528371e+00,4.103331e-01,-7.215958e+00,5.995642e+01,-1.543428e+00
0,1389015217.533,6.440124e+00,3.530980e+00,4.082047e-01,-7.218072e+00,5.994419e+01,-1.545556e+00
0,1389015217.571,6.450749e+00,3.533441e+00,4.063568e-01,-7.219760e+00,5.993342e+01,-1.547404e+00
0,1389015217.611,6.461937e+00,3.536124e+00,4.044194e-01,-7.221452e+00,5.992204e+01,-1.549342e+00
0,1389015217.651,6.473035e+00,3.538820e+00,4.025008e-01,-7.223098e+00,5.991074e+01,-1.551260e+00
0,1389015217.690,6.483790e+00,3.541639e+00,4.006608e-01,-7.224502e+00,5.989971e+01,-1.553100e+00
0,1389015217.736,6.496162e+00,3.544882e+00,3.985441e-01,-7.226118e+00,5.988702e+01,-1.555217e+00
0,1389015217.772,6.505741e+00,3.547524e+00,3.969182e-01,-7.227245e+00,5.987715e+01,-1.556843e+00
0,1389015217.811,6.516182e+00,3.550457e+00,3.951506e-01,-7.228427e+00,5.986637e+01,-1.558610e+00
0,1389015217.851,6.526826e+00,3.553468e+00,3.933511e-01,-7.229612e+00,5.985537e+01,-1.560410e+00
0,1389015217.891,6.537334e+00,3.556572e+00,3.915882e-01,-7.230659e+00,5.984446e+01,-1.562173e+00
0,1389015217.937,6.549440e+00,3.560148e+00,3.895569e-01,-7.231865e+00,5.983190e+01,-1.564204e+00
0,1389015217.973,6.558763e+00,3.562976e+00,3.880011e-01,-7.232726e+00,5.982219e+01,-1.565760e+00
0,1389015218.012,6.568673e+00,3.566004e+00,3.863497e-01,-7.233621e+00,5.981187e+01,-1.567411e+00
0,1389015218.052,6.579021e+00,3.569174e+00,3.846266e-01,-7.234547e+00,5.980109e+01,-1.569134e+00
0,1389015218.092,6.589474e+00,3.572423e+00,3.828927e-01,-7.235439e+00,5.979018e+01,-1.570868e+00
0,1389015218.132,6.599475e+00,3.575532e+00,3.812338e-01,-7.236292e+00,5.977974e+01,-1.572527e+00
0,1389015218.172,6.609743e+00,3.578726e+00,3.795330e-01,-7.237167e+00,5.976902e+01,-1.574228e+00
0,1389015218.212,6.619975e+00,3.581910e+00,3.778395e-01,-7.238037e+00,5.975834e+01,-1.575922e+00
0,1389015218.252,6.630321e+00,3.585121e+00,3.761270e-01,-7.238925e+00,5.974754e+01,-1.577634e+00
0,1389015218.309,6.644648e+00,3.589511e+00,3.737550e-01,-7.240207e+00,5.973261e+01,-1.580006e+00
0,1389015218.332,6.650680e+00,3.591359e+00,3.727564e-01,-7.240746e+00,5.972633e+01,-1.581005e+00
0,1389015218.373,6.661013e+00,3.594456e+00,3.710426e-01,-7.241734e+00,5.971559e+01,-1.582718e+00
0,1389015218.413,6.671310e+00,3.597511e+00,3.693331e-01,-7.242748e+00,5.970489e+01,-1.584428e+00
0,1389015218.452,6.681513e+00,3.600510e+00,3.676378e-01,-7.243779e+00,5.969431e+01,-1.586123e+00
0,1389015218.493,6.691857e+00,3.603428e+00,3.659117e-01,-7.244938e+00,5.968362e+01,-1.587849e+00
0,1389015218.533,6.702241e+00,3.606358e+00,3.641789e-01,-7.246101e+00,5.967290e+01,-1.589582e+00
0,1389015218.573,6.712746e+00,3.609194e+00,3.624177e-01,-7.247395e+00,5.966209e+01,-1.591343e+00
0,1389015218.613,6.723286e+00,3.611984e+00,3.606468e-01,-7.248746e+00,5.965128e+01,-1.593114e+00
0,1389015218.654,6.733784e+00,3.614724e+00,3.588799e-01,-7.250127e+00,5.964051e+01,-1.594881e+00
0,1389015218.695,6.744727e+00,3.617429e+00,3.570266e-01,-7.251707e+00,5.962935e+01,-1.596734e+00
0,1389015218.734,6.754898e+00,3.619944e+00,3.553040e-01,-7.253175e+00,5.961898e+01,-1.598457e+00
0,1389015218.774,6.765575e+00,3.622448e+00,3.534841e-01,-7.254842e+00,5.960814e+01,-1.600277e+00
0,1389015218.815,6.776231e+00,3.624897e+00,3.516632e-01,-7.256553e+00,5.959734e+01,-1.602098e+00
0,1389015218.854,6.786711e+00,3.627262e+00,3.498684e-01,-7.258275e+00,5.958674e+01,-1.603893e+00
0,1389015218.897,6.798077e+00,3.629673e+00,3.479069e-01,-7.260286e+00,5.957529e+01,-1.605854e+00
0,1389015218.935,6.808041e+00,3.631786e+00,3.461874e-01,-7.262048e+00,5.956526e+01,-1.607574e+00
0,1389015218.975,6.818742e+00,3.633915e+00,3.443254e-01,-7.264073e+00,5.955454e+01,-1.609436e+00
0,1389015219.015,6.829244e+00,3.635955e+00,3.424930e-01,-7.266105e+00,5.954404e+01,-1.611268e+00
0,1389015219.055,6.839827e+00,3.637964e+00,3.406410e-01,-7.268196e+00,5.953347e+01,-1.613120e+00
0,1389015219.105,6.853154e+00,3.640310e+00,3.382875e-01,-7.271000e+00,5.952023e+01,-1.615473e+00
0,1389015219.135,6.861037e+00,3.641697e+00,3.368952e-01,-7.272659e+00,5.951240e+01,-1.616866e+00
0,1389015219.175,6.871622e+00,3.643411e+00,3.350072e-01,-7.275025e+00,5.950194e+01,-1.618754e+00
0,1389015219.216,6.882331e+00,3.645094e+00,3.330908e-01,-7.277465e+00,5.949138e+01,-1.620670e+00
0,1389015219.256,6.892696e+00,3.646668e+00,3.312288e-01,-7.279878e+00,5.948118e+01,-1.622532e+00
0,1389015219.296,6.903048e+00,3.648093e+00,3.293490e-01,-7.282425e+00,5.947104e+01,-1.624412e+00
0,1389015219.336,6.913578e+00,3.649542e+00,3.274372e-01,-7.285015e+00,5.946073e+01,-1.626324e+00
0,1389015219.376,6.923840e+00,3.650792e+00,3.255510e-01,-7.287690e+00,5.945075e+01,-1.628210e+00
0,1389015219.416,6.934206e+00,3.652006e+00,3.236388e-01,-7.290438e+00,5.944068e+01,-1.630122e+00
0,1389015219.457,6.944754e+00,3.653175e+00,3.216831e-01,-7.293295e+00,5.943046e+01,-1.632078e+00
0,1389015219.503,6.956285e+00,3.654277e+00,3.195189e-01,-7.296582e+00,5.941935e+01,-1.634242e+00
0,1389015219.536,6.964802e+00,3.655091e+00,3.179206e-01,-7.299009e+00,5.941115e+01,-1.635840e+00
0,1389015219.576,6.974814e+00,3.655880e+00,3.160185e-01,-7.302019e+00,5.940156e+01,-1.637742e+00
0,1389015219.616,6.984704e+00,3.656612e+00,3.141334e-01,-7.305035e+00,5.939212e+01,-1.639628e+00
0,1389015219.656,6.994771e+00,3.657303e+00,3.122099e-01,-7.308156e+00,5.938252e+01,-1.641551e+00
0,1389015219.701,7.005720e+00,3.657901e+00,3.101045e-01,-7.311692e+00,5.937214e+01,-1.643656e+00
0,1389015219.738,7.014812e+00,3.658398e+00,3.083563e-01,-7.314629e+00,5.936352e+01,-1.645405e+00
0,1389015219.777,7.024507e+00,3.658796e+00,3.064896e-01,-7.317883e+00,5.935438e+01,-1.647271e+00
0,1389015219.817,7.034267e+00,3.659165e+00,3.046100e-01,-7.321187e+00,5.934519e+01,-1.649151e+00
0,1389015219.856,7.044014e+00,3.659495e+00,3.027360e-01,-7.324523e+00,5.933603e+01,-1.651025e+00
0,1389015219.902,7.055080e+00,3.659760e+00,3.006172e-01,-7.328413e+00,5.932566e+01,-1.653144e+00
0,1389015219.937,7.063633e+00,3.659964e+00,2.989795e-01,-7.331420e+00,5.931765e+01,-1.654781e+00
0,1389015219.977,7.073563e+00,3.660116e+00,2.970982e-01,-7.334989e+00,5.930839e+01,-1.656663e+00
0,1389015220.024,7.085056e+00,3.660266e+00,2.949267e-01,-7.339144e+00,5.929767e+01,-1.658834e+00
0,1389015220.061,7.094168e+00,3.660356e+00,2.932204e-01,-7.342466e+00,5.928919e+01,-1.660541e+00
0,1389015220.100,7.103940e+00,3.660409e+00,2.914122e-01,-7.346069e+00,5.928010e+01,-1.662349e+00
0,1389015220.137,7.112984e+00,3.660458e+00,2.897389e-01,-7.349403e+00,5.927169e+01,-1.664022e+00
0,1389015220.178,7.123212e+00,3.660477e+00,2.878892e-01,-7.353207e+00,5.926220e+01,-1.665872e+00
0,1389015220.217,7.133033e+00,3.660487e+00,2.861231e-01,-7.356867e+00,5.925309e+01,-1.667638e+00
0,1389015220.262,7.144326e+00,3.660493e+00,2.841201e-01,-7.361081e+00,5.924261e+01,-1.669641e+00
0,1389015220.298,7.153265e+00,3.660492e+00,2.825697e-01,-7.364423e+00,5.923432e+01,-1.671191e+00
0,1389015220.338,7.163456e+00,3.660490e+00,2.808022e-01,-7.368233e+00,5.922487e+01,-1.672959e+00
0,1389015220.380,7.174189e+00,3.660505e+00,2.790068e-01,-7.372229e+00,5.921490e+01,-1.674754e+00
0,1389015220.422,7.185103e+00,3.660524e+00,2.771950e-01,-7.376290e+00,5.920477e+01,-1.676566e+00
0,1389015220.461,7.195217e+00,3.660560e+00,2.755502e-01,-7.380036e+00,5.919538e+01,-1.678211e+00
0,1389015220.499,7.205288e+00,3.660625e+00,2.739625e-01,-7.383739e+00,5.918601e+01,-1.679799e+00
0,1389015220.539,7.215855e+00,3.660693e+00,2.722964e-01,-7.387624e+00,5.917619e+01,-1.681465e+00
0,1389015220.579,7.226781e+00,3.660821e+00,2.706558e-01,-7.391588e+00,5.916600e+01,-1.683105e+00
0,1389015220.622,7.238257e+00,3.660966e+00,2.689481e-01,-7.395743e+00,5.915531e+01,-1.684813e+00
0,1389015220.659,7.248452e+00,3.661118e+00,2.674662e-01,-7.399411e+00,5.914579e+01,-1.686295e+00
0,1389015220.700,7.259689e+00,3.661327e+00,2.658956e-01,-7.403416e+00,5.913529e+01,-1.687865e+00
0,1389015220.739,7.270590e+00,3.661530e+00,2.643721e-01,-7.407301e+00,5.912510e+01,-1.689389e+00
0,1389015220.781,7.282260e+00,3.661805e+00,2.628343e-01,-7.411406e+00,5.911418e+01,-1.690927e+00
0,1389015220.825,7.294595e+00,3.662106e+00,2.612242e-01,-7.415737e+00,5.910262e+01,-1.692537e+00
0,1389015220.860,7.304435e+00,3.662369e+00,2.599795e-01,-7.419170e+00,5.909340e+01,-1.693782e+00
0,1389015220.900,7.315993e+00,3.662715e+00,2.585809e-01,-7.423168e+00,5.908255e+01,-1.695180e+00
0,1389015220.941,7.327553e+00,3.663061e+00,2.571820e-01,-7.427166e+00,5.907170e+01,-1.696579e+00
0,1389015220.980,7.338956e+00,3.663457e+00,2.559020e-01,-7.431059e+00,5.906097e+01,-1.697859e+00
0,1389015221.021,7.350571e+00,3.663868e+00,2.546106e-01,-7.435019e+00,5.905004e+01,-1.699150e+00
0,1389015221.060,7.362097e+00,3.664300e+00,2.533741e-01,-7.438925e+00,5.903919e+01,-1.700387e+00
0,1389015221.100,7.373799e+00,3.664776e+00,2.521923e-01,-7.442857e+00,5.902816e+01,-1.701569e+00
0,1389015221.140,7.385469e+00,3.665251e+00,2.510138e-01,-7.446777e+00,5.901716e+01,-1.702747e+00
0,1389015221.182,7.397734e+00,3.665808e+00,2.498909e-01,-7.450843e+00,5.900557e+01,-1.703870e+00
0,1389015221.234,7.413050e+00,3.666512e+00,2.485070e-01,-7.455913e+00,5.899110e+01,-1.705254e+00
0,1389015221.260,7.420768e+00,3.666891e+00,2.478598e-01,-7.458445e+00,5.898380e+01,-1.705901e+00
0,1389015221.307,7.434674e+00,3.667604e+00,2.467580e-01,-7.462981e+00,5.897064e+01,-1.707003e+00
0,1389015221.341,7.444570e+00,3.668111e+00,2.459739e-01,-7.466208e+00,5.896127e+01,-1.707787e+00
0,1389015221.381,7.456456e+00,3.668776e+00,2.451565e-01,-7.470033e+00,5.894999e+01,-1.708605e+00
0,1389015221.422,7.468534e+00,3.669459e+00,2.443407e-01,-7.473913e+00,5.893854e+01,-1.709420e+00
0,1389015221.461,7.480245e+00,3.670146e+00,2.436083e-01,-7.477651e+00,5.892742e+01,-1.710153e+00
0,1389015221.501,7.492143e+00,3.670882e+00,2.429510e-01,-7.481415e+00,5.891610e+01,-1.710810e+00
0,1389015221.541,7.503806e+00,3.671603e+00,2.423066e-01,-7.485104e+00,5.890502e+01,-1.711454e+00
0,1389015221.582,7.515981e+00,3.672401e+00,2.417642e-01,-7.488914e+00,5.889343e+01,-1.711997e+00
0,1389015221.622,7.527830e+00,3.673182e+00,2.412522e-01,-7.492616e+00,5.888214e+01,-1.712509e+00
0,1389015221.663,7.540088e+00,3.673999e+00,2.407786e-01,-7.496439e+00,5.887047e+01,-1.712982e+00
0,1389015221.701,7.551404e+00,3.674763e+00,2.404103e-01,-7.499959e+00,5.885969e+01,-1.713351e+00
0,1389015221.741,7.563227e+00,3.675560e+00,2.400254e-01,-7.503637e+00,5.884842e+01,-1.713736e+00
0,1389015221.782,7.575253e+00,3.676359e+00,2.397332e-01,-7.507390e+00,5.883697e+01,-1.714028e+00
0,1389015221.821,7.587011e+00,3.677139e+00,2.394588e-01,-7.511061e+00,5.882577e+01,-1.714302e+00
0,1389015221.861,7.598868e+00,3.677906e+00,2.392194e-01,-7.514780e+00,5.881449e+01,-1.714542e+00
0,1389015221.902,7.610739e+00,3.678646e+00,2.390346e-01,-7.518529e+00,5.880320e+01,-1.714726e+00
0,1389015221.941,7.622534e+00,3.679382e+00,2.388510e-01,-7.522254e+00,5.879198e+01,-1.714910e+00
0,1389015221.982,7.634416e+00,3.680051e+00,2.387344e-01,-7.526073e+00,5.878071e+01,-1.715027e+00
0,1389015222.022,7.646141e+00,3.680704e+00,2.386262e-01,-7.529848e+00,5.876959e+01,-1.715135e+00
0,1389015222.061,7.657895e+00,3.681314e+00,2.385412e-01,-7.533675e+00,5.875846e+01,-1.715220e+00
0,1389015222.101,7.669652e+00,3.681858e+00,2.384903e-01,-7.537563e+00,5.874735e+01,-1.715271e+00
0,1389015222.141,7.681220e+00,3.682394e+00,2.384402e-01,-7.541390e+00,5.873642e+01,-1.715321e+00
0,1389015222.182,7.693268e+00,3.682820e+00,2.384251e-01,-7.545496e+00,5.872509e+01,-1.715336e+00
0,1389015222.222,7.705124e+00,3.683223e+00,2.384147e-01,-7.549552e+00,5.871394e+01,-1.715346e+00
0,1389015222.261,7.716614e+00,3.683543e+00,2.384141e-01,-7.553549e+00,5.870316e+01,-1.715347e+00
0,1389015222.304,7.728966e+00,3.683777e+00,2.384280e-01,-7.557948e+00,5.869162e+01,-1.715333e+00
0,1389015222.342,7.740111e+00,3.683989e+00,2.384405e-01,-7.561916e+00,5.868120e+01,-1.715321e+00
0,1389015222.386,7.752930e+00,3.684020e+00,2.384612e-01,-7.566677e+00,5.866930e+01,-1.715300e+00
0,1389015222.423,7.763771e+00,3.684031e+00,2.384792e-01,-7.570718e+00,5.865924e+01,-1.715282e+00
0,1389015222.462,7.775148e+00,3.683941e+00,2.384936e-01,-7.575053e+00,5.864872e+01,-1.715267e+00
0,1389015222.502,7.786779e+00,3.683711e+00,2.385022e-01,-7.579612e+00,5.863802e+01,-1.715259e+00
0,1389015222.542,7.798285e+00,3.683483e+00,2.385107e-01,-7.584123e+00,5.862743e+01,-1.715250e+00
0,1389015222.589,7.811983e+00,3.682934e+00,2.384997e-01,-7.589751e+00,5.861493e+01,-1.715261e+00
0,1389015222.622,7.821428e+00,3.682540e+00,2.384909e-01,-7.593645e+00,5.860632e+01,-1.715270e+00
0,1389015222.662,7.833024e+00,3.681957e+00,2.384725e-01,-7.598519e+00,5.859578e+01,-1.715289e+00
0,1389015222.704,7.845158e+00,3.681199e+00,2.384416e-01,-7.603757e+00,5.858481e+01,-1.715319e+00
0,1389015222.742,7.856221e+00,3.680507e+00,2.384134e-01,-7.608532e+00,5.857480e+01,-1.715348e+00
0,1389015222.783,7.868048e+00,3.679557e+00,2.383669e-01,-7.613834e+00,5.856419e+01,-1.715394e+00
0,1389015222.822,7.879569e+00,3.678612e+00,2.383202e-01,-7.619015e+00,5.855386e+01,-1.715441e+00
0,1389015222.862,7.891238e+00,3.677565e+00,2.382660e-01,-7.624346e+00,5.854342e+01,-1.715495e+00
0,1389015222.906,7.904019e+00,3.676288e+00,2.381964e-01,-7.630307e+00,5.853205e+01,-1.715565e+00
0,1389015222.942,7.914616e+00,3.675229e+00,2.381387e-01,-7.635249e+00,5.852261e+01,-1.715622e+00
0,1389015223.020,7.937600e+00,3.672569e+00,2.379855e-01,-7.646305e+00,5.850229e+01,-1.715775e+00
0,1389015223.045,7.944755e+00,3.671737e+00,2.379375e-01,-7.649750e+00,5.849596e+01,-1.715823e+00
0,1389015223.083,7.956018e+00,3.670264e+00,2.378495e-01,-7.655324e+00,5.848606e+01,-1.715912e+00
0,1389015223.123,7.967983e+00,3.668698e+00,2.377557e-01,-7.661249e+00,5.847555e+01,-1.716005e+00
0,1389015223.163,7.980177e+00,3.667031e+00,2.376548e-01,-7.667352e+00,5.846486e+01,-1.716106e+00
0,1389015223.203,7.992069e+00,3.665321e+00,2.375499e-01,-7.673381e+00,5.845447e+01,-1.716211e+00
0,1389015223.244,8.004548e+00,3.663527e+00,2.374399e-01,-7.679708e+00,5.844357e+01,-1.716321e+00
0,1389015223.283,8.016411e+00,3.661695e+00,2.373255e-01,-7.685841e+00,5.843325e+01,-1.716435e+00
0,1389015223.324,8.029041e+00,3.659740e+00,2.372035e-01,-7.692373e+00,5.842226e+01,-1.716558e+00
0,1389015223.366,8.041982e+00,3.657678e+00,2.370740e-01,-7.699121e+00,5.841103e+01,-1.716687e+00
0,1389015223.403,8.053591e+00,3.655775e+00,2.369537e-01,-7.705225e+00,5.840097e+01,-1.716807e+00
0,1389015223.448,8.067623e+00,3.653468e+00,2.368079e-01,-7.712608e+00,5.838882e+01,-1.716953e+00
0,1389015223.483,8.078972e+00,3.651524e+00,2.366839e-01,-7.718652e+00,5.837902e+01,-1.717077e+00
0,1389015223.524,8.091873e+00,3.649314e+00,2.365430e-01,-7.725522e+00,5.836788e+01,-1.717218e+00
0,1389015223.563,8.104571e+00,3.647114e+00,2.364016e-01,-7.732308e+00,5.835692e+01,-1.717359e+00
0,1389015223.603,8.117476e+00,3.644848e+00,2.362546e-01,-7.739232e+00,5.834580e+01,-1.717506e+00
0,1389015223.649,8.132541e+00,3.642203e+00,2.360824e-01,-7.747315e+00,5.833281e+01,-1.717679e+00
0,1389015223.682,8.143563e+00,3.640267e+00,2.359520e-01,-7.753229e+00,5.832331e+01,-1.717809e+00
0,1389015223.722,8.156691e+00,3.637961e+00,2.357968e-01,-7.760274e+00,5.831200e+01,-1.717964e+00
0,1389015223.762,8.169949e+00,3.635653e+00,2.356376e-01,-7.767369e+00,5.830056e+01,-1.718123e+00
0,1389015223.805,8.184437e+00,3.633165e+00,2.354604e-01,-7.775090e+00,5.828805e+01,-1.718301e+00
0,1389015223.842,8.196784e+00,3.631044e+00,2.353093e-01,-7.781671e+00,5.827739e+01,-1.718452e+00
0,1389015223.923,8.223914e+00,3.626590e+00,2.349673e-01,-7.795941e+00,5.825389e+01,-1.718794e+00
0,1389015223.942,8.230450e+00,3.625519e+00,2.348848e-01,-7.799377e+00,5.824823e+01,-1.718876e+00
